"supplier_code","category_id","reminder_id","supplier_name","periode_awal","periode_akhir","periode_bulan","no_raf","no_raf_referensi","toko_id","store","nominal","remarks","created_date","created_time","updated_date","updated_time"
"5981","2","3","PT. SURYA PANGAN SEJAHTERA","2026-04-20","2026-04-30","2026-04-20","GNF/000228/LOC/8001/04/2026",,"8001","Jakarta","4000000",,"2026-04-20","18:32:37","2026-07-01","09:45:25"
"143","2","3","PT. SUPARMA TBK","2026-07-01","2026-07-31","2026-07-01","GNF/000391/LOC/8001/07/2026",,"8001","Jakarta","5000000",,"2026-07-01","17:37:17","2026-07-01","17:38:16"
"143","2","3","PT. SUPARMA TBK","2026-07-01","2026-07-31","2026-07-01","GNF/000391/LOC/8001/07/2026",,"8001","JAKARTA SELATAN","5000000",,"2026-07-01","17:37:17","2026-07-01","17:38:16"
"4947","2","3","PT. COUCOU INDONESIA","2026-01-01","2026-12-31","2025-11-28","GNF/000115/LOC/9912/11/2025",,"9912","Bali","7500000",,"2025-11-28","13:29:55","2026-07-01","15:53:58"
"4947","2","3","PT. COUCOU INDONESIA","2026-01-01","2026-12-31","2025-11-28","GNF/000115/LOC/9912/11/2025",,"9912","BALI","7500000",,"2025-11-28","13:29:55","2026-07-01","15:53:58"
"1253","2","3","PT. UNILEVER INDONESIA TBK","2026-05-01","2026-06-30","2026-04-25","GNF/000074/LOC/9920/04/2026",,"9920","Bali","14000000",,"2026-04-25","09:48:05","2026-07-01","15:04:31"
"5740","2","3","PT. PROSPERA AGENG SEJAHTERA","2026-06-01","2026-07-31","2026-05-12","GNF/000080/LOC/9920/05/2026",,"9920","Bali","8000000",,"2026-05-12","14:42:21","2026-07-01","15:02:46"
"6031","4","3","PT. MULIA RAYA AGRIJAYA (JKT)","2026-07-01","2026-08-31","2026-06-30","FP/000014/LOC/8001/06/2026",,"8001","Jakarta","2000000",,"2026-06-30","17:24:44","2026-07-02","11:58:14"
"1309","2","3","PT. ARTA BOGA CEMERLANG","2026-07-02","2026-07-31","2026-07-02","GNF/000394/LOC/8001/07/2026",,"8001","Jakarta","5000000",,"2026-07-02","16:19:53","2026-07-02","16:20:47"
"1056","2","3","PT. PENTA VALENT TBK","2026-07-02","2026-07-31","2026-07-02","GNF/000395/LOC/8001/07/2026",,"8001","Jakarta","5000000",,"2026-07-02","16:22:36","2026-07-02","16:23:29"
"6031","4","3","PT. MULIA RAYA AGRIJAYA (JKT)","2026-07-01","2026-08-31","2026-06-30","FP/000014/LOC/8001/06/2026",,"8001","JAKARTA SELATAN","2000000",,"2026-06-30","17:24:44","2026-07-02","11:58:14"
"998","4","3","PT. SOEJASCH BALI","2026-07-01","2027-06-30","2026-07-02","FDF/000003/LOC/9901/07/2026",,"9901","Bali","6000000",,"2026-07-02","17:08:33","2026-07-02","17:10:04"
"5593","4","3","PT. MULIA RAYA AGRIJAYA (FR/BALI)","2026-07-01","2026-08-31","2026-07-02","FP/000001/LOC/9901/07/2026",,"9901","Bali","2000000",,"2026-07-02","12:27:15","2026-07-02","12:28:51"
"6031","4","3","PT. MULIA RAYA AGRIJAYA (JKT)","2026-07-01","2026-08-31","2026-07-01","FP/000005/LOC/9902/07/2026",,"9902","Jakarta","2000000",,"2026-07-01","14:10:08","2026-07-02","12:30:36"
"6031","4","3","PT. MULIA RAYA AGRIJAYA (JKT)","2026-07-01","2026-08-31","2026-07-02","FP/000006/LOC/9903/07/2026",,"9903","Jakarta","2000000",,"2026-07-02","12:31:09","2026-07-02","12:33:32"
"4469","2","3","PT. PARIT PADANG GLOBAL (GSK)","2026-07-01","2026-09-30","2026-07-02","GNF/000101/LOC/9903/07/2026",,"9903","Jakarta","9000000",,"2026-07-02","11:32:05","2026-07-02","11:36:39"
"800","2","3","PT. KOLEKSI JAYA","2026-07-01","2026-09-30","2026-07-02","GNF/000102/LOC/9903/07/2026",,"9903","Jakarta","9000000",,"2026-07-02","15:36:24","2026-07-02","15:37:33"
"6031","4","3","PT. MULIA RAYA AGRIJAYA (JKT)","2026-07-01","2026-08-31","2026-07-02","FP/000004/LOC/9908/07/2026",,"9908","Jakarta","2000000",,"2026-07-02","12:35:46","2026-07-02","12:39:15"
"121","1","3","PT. ESHAM DIMA MANDIRI","2026-07-01","2027-06-30","2026-07-02","GF/000092/LOC/9908/07/2026",,"9908","Jakarta","120000000",,"2026-07-02","12:21:27","2026-07-02","12:24:15"
"5593","4","3","PT. MULIA RAYA AGRIJAYA (FR/BALI)","2026-07-01","2026-08-31","2026-07-02","FP/000001/LOC/9912/07/2026",,"9912","Bali","2000000",,"2026-07-02","12:43:12","2026-07-02","12:45:59"
"2549","2","3","PT. BINA SAN PRIMA(BYGN/SCBD/RD/PRG/NF)","2026-06-01","2027-05-31","2026-05-11","GNF/000031/LOC/9916/05/2026",,"9916","Jakarta","17500000",,"2026-05-11","16:53:07","2026-07-02","18:21:36"
"3829","2","3","PT. MEGARIAMAS SENTOSA","2026-06-01","2027-05-31","2026-05-12","GNF/000043/LOC/9916/05/2026",,"9916","Jakarta","24000000",,"2026-05-12","13:06:19","2026-07-02","18:26:53"
"586","2","3","PT. TEMPO","2026-05-01","2027-04-30","2026-07-02","GNF/000055/LOC/9916/07/2026",,"9916","Jakarta","25000000",,"2026-07-02","16:35:20","2026-07-02","16:37:19"
"6031","4","3","PT. MULIA RAYA AGRIJAYA (JKT)","2026-07-01","2026-08-31","2026-07-02","FP/000003/LOC/9919/07/2026",,"9919","Jakarta","2000000",,"2026-07-02","12:40:22","2026-07-02","12:42:50"
"121","1","3","PT. ESHAM DIMA MANDIRI","2026-07-01","2026-12-31","2026-07-02","GF/000031/LOC/9919/07/2026",,"9919","Jakarta","30000000",,"2026-07-02","12:24:45","2026-07-02","12:26:16"
"5593","4","3","PT. MULIA RAYA AGRIJAYA (FR/BALI)","2026-07-01","2026-08-31","2026-07-02","FP/000011/LOC/9920/07/2026",,"9920","Bali","2000000",,"2026-07-02","12:47:14","2026-07-02","12:48:33"
"5593","4","3","PT. MULIA RAYA AGRIJAYA (FR/BALI)","2026-07-01","2026-08-31","2026-07-02","FP/000011/LOC/9920/07/2026",,"9920","BALI","2000000",,"2026-07-02","12:47:14","2026-07-02","12:48:33"
"1772","2","3","PT. GRAHA MOTORINDO PERKASA","2026-07-01","2026-07-31","2026-07-01","GNF/000390/LOC/8001/07/2026",,"8001","Jakarta","2000000",,"2026-07-01","17:23:26","2026-07-03","15:49:57"
"38","2","3","PT. BINA SAN PRIMA","2026-07-02","2026-07-31","2026-07-02","GNF/000393/LOC/8001/07/2026",,"8001","Jakarta","13000000",,"2026-07-02","16:10:12","2026-07-03","13:49:41"
"430","2","3","PT. SAYAP MAS UTAMA (SCBD/RD/PRG)","2026-07-03","2026-07-31","2026-07-03","GNF/000396/LOC/8001/07/2026",,"8001","Jakarta","15000000",,"2026-07-03","17:22:55","2026-07-03","17:24:00"
"430","2","3","PT. SAYAP MAS UTAMA (SCBD/RD/PRG)","2026-07-03","2026-07-31","2026-07-03","GNF/000397/LOC/8001/07/2026",,"8001","Jakarta","5000000",,"2026-07-03","17:24:45","2026-07-03","18:54:32"
"1772","2","3","PT. GRAHA MOTORINDO PERKASA","2026-07-01","2026-07-31","2026-07-01","GNF/000390/LOC/8001/07/2026",,"8001","JAKARTA SELATAN","2000000",,"2026-07-01","17:23:26","2026-07-03","15:49:57"
"1056","2","3","PT. PENTA VALENT TBK","2026-05-01","2027-04-30","2026-04-14","GNF/000061/LOC/9902/04/2026",,"9902","Jakarta","25000000",,"2026-04-14","10:17:25","2026-07-03","08:51:00"
"3763","2","3","PT. CATUR SENTOSA ANUGERAH (PASEO)","2026-07-01","2026-12-31","2026-06-15","GNF/000118/LOC/9908/06/2026",,"9908","Jakarta","60000000",,"2026-06-15","16:21:01","2026-07-03","17:16:51"
"5740","2","3","PT. PROSPERA AGENG SEJAHTERA","2026-07-01","2026-09-30","2026-07-03","GNF/000140/LOC/9908/07/2026",,"9908","Jakarta","9000000",,"2026-07-03","16:26:42","2026-07-03","16:32:25"
"430","2","3","PT. SAYAP MAS UTAMA (SCBD/RD/PRG)","2026-07-06","2026-07-31","2026-07-06","GNF/000398/LOC/8001/07/2026",,"8001","Jakarta","5000000",,"2026-07-06","09:05:18","2026-07-06","09:06:45"
"430","2","3","PT. SAYAP MAS UTAMA (SCBD/RD/PRG)","2026-07-06","2026-07-31","2026-07-06","GNF/000399/LOC/8001/07/2026",,"8001","Jakarta","5000000",,"2026-07-06","09:08:14","2026-07-06","09:16:43"
"430","2","3","PT. SAYAP MAS UTAMA (SCBD/RD/PRG)","2026-07-06","2026-07-31","2026-07-06","GNF/000400/LOC/8001/07/2026",,"8001","Jakarta","5000000",,"2026-07-06","09:11:30","2026-07-06","09:13:13"
"430","2","3","PT. SAYAP MAS UTAMA (SCBD/RD/PRG)","2026-07-06","2026-07-31","2026-07-06","GNF/000401/LOC/8001/07/2026",,"8001","Jakarta","5000000",,"2026-07-06","09:51:11","2026-07-06","09:52:42"
"1521","2","3","PT. PERFECT COMPANION INDONESIA","2026-07-06","2026-07-31","2026-07-06","GNF/000402/LOC/8001/07/2026",,"8001","Jakarta","20000000",,"2026-07-06","14:14:45","2026-07-06","14:15:43"
"164","1","3","PT. INBISCO NIAGATAMA SEMESTA","2026-10-04","2026-10-05","2026-07-07","GF/000160/LOC/8001/07/2026",,"8001","Jakarta","36000000",,"2026-07-07","12:02:59","2026-07-07","12:05:15"
"2890","1","3","PT. UNIRAMA DUTA NIAGA (FD/UNIFAM)","2026-07-07","2026-07-07","2026-07-07","GF/000161/LOC/8001/07/2026",,"8001","Jakarta","20000000",,"2026-07-07","13:22:44","2026-07-07","13:26:33"
"3141","2","3","PT. VICTORIA CARE INDONESIA","2026-05-05","2026-05-31","2026-05-05","GNF/000259/LOC/8001/05/2026",,"8001","Jakarta","35000000",,"2026-05-05","17:21:35","2026-07-07","15:07:04"
"3141","2","3","PT. VICTORIA CARE INDONESIA","2026-05-05","2026-05-31","2026-05-05","GNF/000260/LOC/8001/05/2026",,"8001","Jakarta","30000000",,"2026-05-05","17:28:36","2026-07-07","15:08:09"
"3141","2","3","PT. VICTORIA CARE INDONESIA","2026-05-05","2026-05-31","2026-05-05","GNF/000261/LOC/8001/05/2026",,"8001","Jakarta","15000000",,"2026-05-05","17:30:39","2026-07-07","15:06:03"
"4565","2","3","PT. KANMO MULTI GEMILANG","2026-06-01","2027-05-31","2026-05-05","GNF/000268/LOC/8001/05/2026",,"8001","Jakarta","20000000",,"2026-05-05","18:32:42","2026-07-07","13:55:10"
"583","2","3","PT. PARIT PADANG GLOBAL","2026-06-22","2026-06-30","2026-06-22","GNF/000383/LOC/8001/06/2026",,"8001","Jakarta","15000000",,"2026-06-22","12:36:25","2026-07-07","14:06:50"
"36","2","3","PT. ASIA PARAMITA INDAH","2026-06-30","2026-07-31","2026-06-30","GNF/000389/LOC/8001/06/2026",,"8001","Jakarta","30000000",,"2026-06-30","18:05:08","2026-07-07","13:40:51"
"3334","2","3","PT. NIRMALA PANGAN SEJAHTERA","2026-07-02","2026-07-31","2026-07-02","GNF/000392/LOC/8001/07/2026",,"8001","Jakarta","15000000",,"2026-07-02","13:44:25","2026-07-07","13:41:43"
"36","2","3","PT. ASIA PARAMITA INDAH","2026-06-30","2026-07-31","2026-06-30","GNF/000389/LOC/8001/06/2026",,"8001","JAKARTA SELATAN","30000000",,"2026-06-30","18:05:08","2026-07-07","13:40:51"
"2277","1","3","PT. EAST INDO FAIR TRADING (BALI)","2026-07-01","2026-09-30","2026-07-07","GF/000036/LOC/9901/07/2026",,"9901","Bali","22500000",,"2026-07-07","16:04:51","2026-07-07","16:08:40"
"5708","4","3","PT. HAHA SAMA SAMA","2026-07-17","2026-07-19","2026-07-07","FP/000006/LOC/9902/07/2026",,"9902","Jakarta","25000000",,"2026-07-07","17:34:58","2026-07-07","17:38:33"
"5708","4","3","PT. HAHA SAMA SAMA","2026-07-17","2026-07-19","2026-07-07","FP/000007/LOC/9903/07/2026",,"9903","Jakarta","25000000",,"2026-07-07","17:43:09","2026-07-07","17:46:59"
"5708","4","3","PT. HAHA SAMA SAMA","2026-07-17","2026-07-19","2026-07-07","FP/000005/LOC/9908/07/2026",,"9908","Jakarta","25000000",,"2026-07-07","17:47:30","2026-07-07","17:48:34"
"1253","2","3","PT. UNILEVER INDONESIA TBK","2026-06-27","2026-09-26","2026-07-07","GNF/000141/LOC/9908/07/2026",,"9908","Jakarta","21000000",,"2026-07-07","18:36:54","2026-07-07","18:45:58"
"4962","2","3","PT. CATUR SENTOSA ADIPRIMA (JKT)","2026-08-01","2026-12-31","2026-07-07","GNF/000071/LOC/9918/07/2026",,"9918","Jakarta","35000000",,"2026-07-07","13:17:17","2026-07-07","13:18:23"
"2505","1","3","PT. BINA SAN PRIMA (MEAD JHONSON/FD)","2026-07-08","2026-07-08","2026-07-08","GF/000163/LOC/8001/07/2026",,"8001","Jakarta","7500000","IN - OUT","2026-07-08","09:54:24","2026-07-08","11:38:30"
"299","1","3","PT. PANGAN LESTARI","2026-07-08","2026-07-08","2026-07-08","GF/000164/LOC/8001/07/2026",,"8001","Jakarta","10000000",,"2026-07-08","14:22:52","2026-07-08","14:28:33"
"2505","1","3","PT. BINA SAN PRIMA (MEAD JHONSON/FD)","2025-02-01","2026-01-31","2026-07-08","GF/000165/LOC/8001/07/2026",,"8001","Jakarta","100000000",,"2026-07-08","15:32:17","2026-07-08","15:34:02"
"2505","1","3","PT. BINA SAN PRIMA (MEAD JHONSON/FD)","2026-02-01","2027-01-31","2026-07-08","GF/000166/LOC/8001/07/2026",,"8001","Jakarta","100000000",,"2026-07-08","15:35:03","2026-07-08","15:35:43"
"4550","1","3","PT. DISTRIVERSA BUANAMAS (AYAM BRAND)","2026-01-01","2026-12-31","2026-07-08","GF/000167/LOC/8001/07/2026",,"8001","Jakarta","50000000",,"2026-07-08","15:37:10","2026-07-08","15:37:54"
"295","1","3","PT. PANDURASA KHARISMA","2026-01-01","2026-12-31","2026-07-08","GF/000168/LOC/8001/07/2026",,"8001","Jakarta","75000000",,"2026-07-08","16:01:25","2026-07-08","16:03:06"
"101","1","3","PT. COCA COLA DISTRIBUTION INDONESIA","2026-01-01","2026-12-31","2026-07-08","GF/000169/LOC/8001/07/2026",,"8001","Jakarta","100000000",,"2026-07-08","16:30:04","2026-07-08","16:30:56"
"295","1","3","PT. PANDURASA KHARISMA","2025-11-01","2026-10-31","2026-07-08","GF/000170/LOC/8001/07/2026",,"8001","Jakarta","75000000",,"2026-07-08","16:31:21","2026-07-08","16:32:35"
"295","1","3","PT. PANDURASA KHARISMA","2025-11-01","2026-10-31","2026-07-08","GF/000171/LOC/8001/07/2026",,"8001","Jakarta","75000000",,"2026-07-08","16:33:02","2026-07-08","16:34:15"
"201","1","3","PT. INDOSPIRIT NATURA","2026-06-01","2027-05-31","2026-07-08","GF/000172/LOC/8001/07/2026",,"8001","Jakarta","100000000",,"2026-07-08","16:34:30","2026-07-08","16:35:22"
"1711","1","3","PT. SINARMAS DISTRIBUSI NUSANTARA","2026-01-01","2026-12-31","2026-07-08","GF/000173/LOC/8001/07/2026",,"8001","Jakarta","4500000",,"2026-07-08","16:35:52","2026-07-08","16:39:07"
"3849","1","3","PT. BERKAT DUA GEMILANG","2026-05-01","2026-07-31","2026-07-08","GF/000174/LOC/8001/07/2026",,"8001","Jakarta","9000000",,"2026-07-08","16:42:42","2026-07-08","16:43:46"
"164","1","3","PT. INBISCO NIAGATAMA SEMESTA","2026-07-01","2027-06-30","2026-07-08","GF/000175/LOC/8001/07/2026",,"8001","Jakarta","84000000",,"2026-07-08","16:46:33","2026-07-08","16:53:33"
"164","1","3","PT. INBISCO NIAGATAMA SEMESTA","2025-10-01","2026-09-30","2026-07-08","GF/000176/LOC/8001/07/2026",,"8001","Jakarta","60000000",,"2026-07-08","16:58:57","2026-07-08","17:00:48"
"508","1","3","PT. SUKANDA DJAYA","2026-01-01","2026-12-31","2026-07-08","GF/000177/LOC/8001/07/2026",,"8001","Jakarta","60000000",,"2026-07-08","17:04:21","2026-07-08","17:05:38"
"3038","1","3","PT. REJEKI TUJUH ALAM","2026-01-01","2026-06-30","2026-07-08","GF/000178/LOC/8001/07/2026",,"8001","Jakarta","30000000",,"2026-07-08","17:07:04","2026-07-08","17:10:11"
"3038","1","3","PT. REJEKI TUJUH ALAM","2026-07-01","2026-12-31","2026-07-08","GF/000179/LOC/8001/07/2026",,"8001","Jakarta","30000000",,"2026-07-08","17:10:46","2026-07-08","17:11:30"
"5494","1","3","PT. ETERNALPLUS TIRTA ALKALINDO","2026-04-17","2026-10-16","2026-07-08","GF/000180/LOC/8001/07/2026",,"8001","Jakarta","30000000",,"2026-07-08","17:14:31","2026-07-08","17:15:28"
"508","1","3","PT. SUKANDA DJAYA","2025-09-01","2026-08-31","2026-07-08","GF/000181/LOC/8001/07/2026",,"8001","Jakarta","50000000",,"2026-07-08","17:17:20","2026-07-08","17:18:25"
"295","1","3","PT. PANDURASA KHARISMA","2025-09-01","2026-08-31","2026-07-08","GF/000182/LOC/8001/07/2026",,"8001","Jakarta","50000000",,"2026-07-08","17:18:47","2026-07-08","17:20:51"
"1550","1","3","PT. ENSEVAL PUTERA MEGATRADING(KLB/SCBD)","2026-07-01","2026-12-31","2026-07-08","GF/000183/LOC/8001/07/2026",,"8001","Jakarta","30000000",,"2026-07-08","17:22:59","2026-07-08","17:24:28"
"1550","1","3","PT. ENSEVAL PUTERA MEGATRADING(KLB/SCBD)","2026-07-01","2026-12-31","2026-07-08","GF/000184/LOC/8001/07/2026",,"8001","Jakarta","30000000",,"2026-07-08","17:24:54","2026-07-08","17:25:51"
"1550","1","3","PT. ENSEVAL PUTERA MEGATRADING(KLB/SCBD)","2026-07-01","2026-12-31","2026-07-08","GF/000185/LOC/8001/07/2026",,"8001","Jakarta","30000000",,"2026-07-08","17:26:15","2026-07-08","17:27:02"
"164","1","3","PT. INBISCO NIAGATAMA SEMESTA","2025-11-15","2026-11-14","2026-07-08","GF/000186/LOC/8001/07/2026",,"8001","Jakarta","120000000",,"2026-07-08","17:28:41","2026-07-08","17:30:11"
"4261","1","3","PT. TIGARAKSA SATRIA TBK (JKT)","2026-05-16","2027-05-15","2026-07-08","GF/000187/LOC/8001/07/2026",,"8001","Jakarta","120000000",,"2026-07-08","17:33:17","2026-07-08","17:36:39"
"295","1","3","PT. PANDURASA KHARISMA","2026-03-01","2027-02-28","2026-07-08","GF/000188/LOC/8001/07/2026",,"8001","Jakarta","120000000",,"2026-07-08","17:40:07","2026-07-08","17:42:09"
"5303","1","3","PT. ULTRAJAYA MILK INDUSTRY & TRADING CO","2026-01-01","2026-06-30","2026-07-08","GF/000189/LOC/8001/07/2026",,"8001","Jakarta","60000000",,"2026-07-08","17:42:51","2026-07-08","17:43:38"
"5303","1","3","PT. ULTRAJAYA MILK INDUSTRY & TRADING CO","2026-07-01","2026-12-31","2026-07-08","GF/000190/LOC/8001/07/2026",,"8001","Jakarta","60000000",,"2026-07-08","17:43:55","2026-07-08","17:44:34"
"3667","1","3","PT. SINARMAS DISTRIBUSI NUSANTARA","2026-04-01","2026-06-30","2026-07-08","GF/000191/LOC/8001/07/2026",,"8001","Jakarta","30000000",,"2026-07-08","17:44:53","2026-07-08","17:46:17"
"3667","1","3","PT. SINARMAS DISTRIBUSI NUSANTARA","2026-07-01","2026-09-30","2026-07-08","GF/000192/LOC/8001/07/2026",,"8001","Jakarta","30000000",,"2026-07-08","17:46:43","2026-07-08","17:47:29"
"186","1","3","PT. INDOMARCO ADI PRIMA","2025-11-01","2026-10-31","2026-07-08","GF/000193/LOC/8001/07/2026",,"8001","Jakarta","120000000",,"2026-07-08","17:48:12","2026-07-08","17:49:29"
"5197","1","3","PT. BALINA AGUNG PERKASA (DAESANG)","2026-07-01","2026-09-30","2026-07-08","GF/000194/LOC/8001/07/2026",,"8001","Jakarta","30000000",,"2026-07-08","17:49:46","2026-07-08","17:50:30"
"4550","1","3","PT. DISTRIVERSA BUANAMAS (AYAM BRAND)","2026-01-01","2026-12-31","2026-07-08","GF/000167/LOC/8001/07/2026",,"8001","JAKARTA SELATAN","50000000",,"2026-07-08","15:37:10","2026-07-08","15:37:54"
"3667","1","3","PT. SINARMAS DISTRIBUSI NUSANTARA","2026-07-01","2026-09-30","2026-07-08","GF/000192/LOC/8001/07/2026",,"8001","JAKARTA SELATAN","30000000",,"2026-07-08","17:46:43","2026-07-08","17:47:29"
"186","1","3","PT. INDOMARCO ADI PRIMA","2025-11-01","2026-10-31","2026-07-08","GF/000193/LOC/8001/07/2026",,"8001","JAKARTA SELATAN","120000000",,"2026-07-08","17:48:12","2026-07-08","17:49:29"
"299","1","3","PT. PANGAN LESTARI","2026-07-08","2026-07-08","2026-07-08","GF/000164/LOC/8001/07/2026",,"8001","JAKARTA SELATAN","10000000",,"2026-07-08","14:22:52","2026-07-08","14:28:33"
"5494","1","3","PT. ETERNALPLUS TIRTA ALKALINDO","2026-04-17","2026-10-16","2026-07-08","GF/000180/LOC/8001/07/2026",,"8001","JAKARTA SELATAN","30000000",,"2026-07-08","17:14:31","2026-07-08","17:15:28"
"2254","1","3","PT. BINTANG BALI INDAH (NUGREEN/BALI)","2026-07-01","2026-09-30","2026-07-03","GF/000036/LOC/9912/07/2026",,"9912","Bali","22500000",,"2026-07-03","14:26:11","2026-07-08","08:16:48"
"3913","2","3","CV. SINAR BALI (NF/BALI)","2026-08-01","2027-07-31","2026-06-08","GNF/000022/LOC/9912/06/2026",,"9912","Bali","50000000",,"2026-06-08","11:15:02","2026-07-08","16:24:40"
"2254","1","3","PT. BINTANG BALI INDAH (NUGREEN/BALI)","2026-07-01","2026-09-30","2026-07-03","GF/000036/LOC/9912/07/2026",,"9912","BALI","22500000",,"2026-07-03","14:26:11","2026-07-08","08:16:48"
"3913","2","3","CV. SINAR BALI (NF/BALI)","2026-08-01","2027-07-31","2026-06-08","GNF/000022/LOC/9912/06/2026",,"9912","BALI","50000000",,"2026-06-08","11:15:02","2026-07-08","16:24:40"
"195","1","3","PT. INDOMARCO ADI PRIMA","2026-07-09","2026-07-09","2026-07-09","GF/000195/LOC/8001/07/2026",,"8001","Jakarta","10000000","SUPPORT NEW ITEM","2026-07-09","09:13:25","2026-07-09","09:14:48"
"194","1","3","PT. INDOMARCO ADI PRIMA","2026-07-09","2026-07-09","2026-07-09","GF/000196/LOC/8001/07/2026",,"8001","Jakarta","5000000","SUPPORT NEW ITEM","2026-07-09","09:18:16","2026-07-09","09:19:05"
"194","1","3","PT. INDOMARCO ADI PRIMA","2026-07-09","2026-07-09","2026-07-09","GF/000197/LOC/8001/07/2026",,"8001","Jakarta","5000000","SUPPORT NEW ITEM","2026-07-09","09:19:25","2026-07-09","09:20:20"
"194","1","3","PT. INDOMARCO ADI PRIMA","2026-07-09","2026-07-09","2026-07-09","GF/000198/LOC/8001/07/2026",,"8001","Jakarta","5000000","SUPPORT NEW ITEM","2026-07-09","09:52:06","2026-07-09","09:52:39"
"5374","1","3","PT. SINAR SOSRO GUNUNG SLAMAT","2026-07-09","2026-07-09","2026-07-09","GF/000199/LOC/8001/07/2026",,"8001","Jakarta","5000000","SUPPORT NEW ITEM","2026-07-09","10:32:59","2026-07-09","10:33:39"
"164","1","3","PT. INBISCO NIAGATAMA SEMESTA","2026-07-09","2026-07-09","2026-07-09","GF/000200/LOC/8001/07/2026",,"8001","Jakarta","5000000","SUPPORT NEW ITEM","2026-07-09","10:34:34","2026-07-09","10:35:48"
"189","1","3","PT. INDOMARCO ADI PRIMA","2026-07-09","2026-07-09","2026-07-09","GF/000201/LOC/8001/07/2026",,"8001","Jakarta","5000000","SUPPORT NEW ITEM","2026-07-09","10:56:24","2026-07-09","11:06:25"
"5653","1","3","PT. MENSA BINASUKSES (JKT/PEPSICO)","2026-07-09","2026-07-09","2026-07-09","GF/000203/LOC/8001/07/2026",,"8001","Jakarta","10000000","SUPORT NEW ITEM","2026-07-09","11:24:29","2026-07-09","11:25:16"
"189","1","3","PT. INDOMARCO ADI PRIMA","2026-07-09","2026-07-09","2026-07-09","GF/000201/LOC/8001/07/2026",,"8001","JAKARTA SELATAN","5000000","SUPPORT NEW ITEM","2026-07-09","10:56:24","2026-07-09","11:06:25"
"194","1","3","PT. INDOMARCO ADI PRIMA","2026-07-09","2026-07-09","2026-07-09","GF/000198/LOC/8001/07/2026",,"8001","JAKARTA SELATAN","5000000","SUPPORT NEW ITEM","2026-07-09","09:52:06","2026-07-09","09:52:39"
"5653","1","3","PT. MENSA BINASUKSES (JKT/PEPSICO)","2026-07-09","2026-07-09","2026-07-09","GF/000203/LOC/8001/07/2026",,"8001","JAKARTA SELATAN","10000000","SUPORT NEW ITEM","2026-07-09","11:24:29","2026-07-09","11:25:16"
"475","1","3","PT. SUMBER TIRTA SENTOSA","2026-02-04","2027-02-03","2026-05-04","GF/000047/LOC/9902/05/2026",,"9902","Jakarta","90000000",,"2026-05-04","17:41:40","2026-07-09","13:49:05"
"5197","1","3","PT. BALINA AGUNG PERKASA (DAESANG)","2026-04-01","2026-06-30","2026-05-06","GF/000048/LOC/9902/05/2026",,"9902","Jakarta","26250000",,"2026-05-06","11:21:48","2026-07-09","13:50:48"
"5197","1","3","PT. BALINA AGUNG PERKASA (DAESANG)","2026-04-01","2026-06-30","2026-05-08","GF/000052/LOC/9902/05/2026",,"9902","Jakarta","26250000",,"2026-05-08","13:21:16","2026-07-09","13:49:58"
"5197","1","3","PT. BALINA AGUNG PERKASA (DAESANG)","2026-04-01","2026-06-30","2026-05-08","GF/000053/LOC/9902/05/2026",,"9902","Jakarta","26250000",,"2026-05-08","13:52:51","2026-07-09","13:50:23"
"1505","1","3","PT. KORIN HUB","2026-09-01","2026-09-30","2026-07-09","GF/000103/LOC/9903/07/2026",,"9903","Jakarta","10000000",,"2026-07-09","11:47:23","2026-07-09","12:03:56"
"1505","1","3","PT. KORIN HUB","2026-10-01","2026-10-31","2026-07-09","GF/000104/LOC/9903/07/2026",,"9903","Jakarta","10000000",,"2026-07-09","11:54:21","2026-07-09","12:09:44"
"1505","1","3","PT. KORIN HUB","2026-11-01","2026-11-30","2026-07-09","GF/000105/LOC/9903/07/2026",,"9903","Jakarta","10000000",,"2026-07-09","12:10:57","2026-07-09","12:14:25"
"4677","1","3","PT. UNIRAMA DUTA NIAGA (PRISTINE/FD)","2026-06-01","2026-08-31","2026-06-22","GF/000089/LOC/9908/06/2026",,"9908","Jakarta","21000000",,"2026-06-22","14:53:49","2026-07-09","13:19:49"
"4916","1","3","PT. JAVANEGRA NUSANTARA","2026-04-07","2026-07-07","2026-07-09","GF/000068/LOC/9920/07/2026",,"9920","Bali","12000000",,"2026-07-09","10:19:06","2026-07-09","10:20:42"
"2726","4","3","PT. RAHAYU ARUMDHANI DISTRIBUSINDO(DF)","2026-07-01","2027-06-30","2026-06-17","FDF/000034/LOC/8001/06/2026",,"8001","Jakarta","9600000",,"2026-06-17","11:31:01","2026-07-10","15:59:06"
"5929","4","3","PT. TRIBOGA MULIA RAYA","2026-07-10","2026-07-10","2026-07-10","FDF/000038/LOC/8001/07/2026",,"8001","Jakarta","500000",,"2026-07-10","09:23:03","2026-07-10","09:25:16"
"3125","1","3","PT. KEBAYORAN PHARMA","2026-03-17","2026-03-31","2026-07-10","GNF/000405/LOC/8001/07/2026",,"8001","Jakarta","4000000","RVS LOC NO GNF/000181/LOC/8001/03/2026","2026-07-10","09:03:56","2026-07-10","16:45:50"
"2726","4","3","PT. RAHAYU ARUMDHANI DISTRIBUSINDO(DF)","2026-07-01","2027-06-30","2026-06-17","FDF/000034/LOC/8001/06/2026",,"8001","JAKARTA SELATAN","9600000",,"2026-06-17","11:31:01","2026-07-10","15:59:06"
"5929","4","3","PT. TRIBOGA MULIA RAYA","2026-07-10","2026-07-10","2026-07-10","FDF/000038/LOC/8001/07/2026",,"8001","JAKARTA SELATAN","500000",,"2026-07-10","09:23:03","2026-07-10","09:25:16"
"3125","1","3","PT. KEBAYORAN PHARMA","2026-03-17","2026-03-31","2026-07-10","GNF/000405/LOC/8001/07/2026",,"8001","JAKARTA SELATAN","4000000","RVS LOC NO GNF/000181/LOC/8001/03/2026","2026-07-10","09:03:56","2026-07-10","16:45:50"
"4926","2","3","PT. CATUR SENTOSA ANUGERAH (SKINTIFC)","2026-07-01","2027-06-30","2026-06-11","GNF/000018/LOC/8002/06/2026",,"8002","Jakarta","15000000",,"2026-06-11","12:22:10","2026-07-10","16:05:17"
"3763","2","3","PT. CATUR SENTOSA ANUGERAH (PASEO)","2026-07-01","2026-07-31","2026-07-10","GNF/000026/LOC/8002/07/2026",,"8002","Jakarta","12000000",,"2026-07-10","17:40:13","2026-07-10","17:42:48"
"1990","1","3","PT. PRAMBANAN KENCANA (BALI)","2026-07-01","2026-07-31","2026-07-10","GF/000038/LOC/9901/07/2026",,"9901","Bali","5000000",,"2026-07-10","16:25:05","2026-07-10","16:30:46"
"1990","1","3","PT. PRAMBANAN KENCANA (BALI)","2026-08-01","2026-08-31","2026-07-10","GF/000039/LOC/9901/07/2026",,"9901","Bali","5000000",,"2026-07-10","16:31:35","2026-07-10","16:32:57"
"1990","1","3","PT. PRAMBANAN KENCANA (BALI)","2026-11-01","2026-11-30","2026-07-10","GF/000040/LOC/9901/07/2026",,"9901","Bali","5000000",,"2026-07-10","16:33:27","2026-07-10","16:34:24"
"1990","1","3","PT. PRAMBANAN KENCANA (BALI)","2026-12-01","2026-12-31","2026-07-10","GF/000041/LOC/9901/07/2026",,"9901","Bali","5000000","BLUE DIAMOND SUNKIST, THE BELGIAN","2026-07-10","16:36:30","2026-07-10","16:38:16"
"320","1","3","PT. PRAMBANAN KENCANA","2026-08-01","2026-08-31","2026-07-10","GF/000107/LOC/9903/07/2026",,"9903","Jakarta","10000000",,"2026-07-10","16:38:45","2026-07-10","16:39:35"
"4090","1","3","PT. ASIA PRIMA KONJAC","2026-07-10","2026-09-30","2026-07-10","GF/000069/LOC/9920/07/2026",,"9920","Bali","12000000",,"2026-07-10","10:53:58","2026-07-10","11:12:16"
"4090","1","3","PT. ASIA PRIMA KONJAC","2026-07-10","2026-09-30","2026-07-10","GF/000069/LOC/9920/07/2026",,"9920","BALI","12000000",,"2026-07-10","10:53:58","2026-07-10","11:12:16"
"1549","1","3","PT. ENSEVAL PUTERA MEGATRADING(MRG-SCBD)","2026-07-01","2027-01-31","2026-07-13","FDF/000040/LOC/8001/07/2026",,"8001","Jakarta","36000000",,"2026-07-13","15:45:36","2026-07-13","15:54:37"
"2372","1","3","PT. INDO SARIJAYA LESTARI","2026-05-01","2026-07-31","2026-05-04","GF/000110/LOC/8001/05/2026",,"8001","Jakarta","30000000",,"2026-05-04","10:53:32","2026-07-13","16:19:38"
"1549","1","3","PT. ENSEVAL PUTERA MEGATRADING(MRG-SCBD)","2026-07-01","2027-01-31","2026-07-13","FDF/000019/LOC/9902/07/2026",,"9902","Jakarta","36000000",,"2026-07-13","15:37:31","2026-07-13","15:38:56"
"1549","1","3","PT. ENSEVAL PUTERA MEGATRADING(MRG-SCBD)","2026-07-01","2027-01-31","2026-07-13","FDF/000012/LOC/9903/07/2026",,"9903","Jakarta","54000000",,"2026-07-13","15:43:11","2026-07-13","15:44:41"
"520","1","3","PT. TUMBAKMAS NIAGASAKTI","2026-08-01","2026-12-31","2026-07-13","GF/000108/LOC/9903/07/2026",,"9903","Jakarta","50000000",,"2026-07-13","16:43:13","2026-07-13","16:45:51"
"520","1","3","PT. TUMBAKMAS NIAGASAKTI","2026-08-01","2026-12-31","2026-07-02","GF/000093/LOC/9908/07/2026",,"9908","Jakarta","50000000",,"2026-07-02","13:15:17","2026-07-13","15:37:12"
"1549","1","3","PT. ENSEVAL PUTERA MEGATRADING(MRG-SCBD)","2026-07-01","2027-01-31","2026-07-13","FDF/000008/LOC/9918/07/2026",,"9918","Jakarta","36000000",,"2026-07-13","15:23:40","2026-07-13","15:39:33"
"4962","2","3","PT. CATUR SENTOSA ADIPRIMA (JKT)","2026-08-01","2026-10-31","2026-07-13","GNF/000072/LOC/9918/07/2026",,"9918","Jakarta","21000000",,"2026-07-13","13:12:41","2026-07-13","13:14:10"
"3386","1","3","PT. MITRA ABADI SINDOMAS","2026-08-01","2026-10-31","2026-07-13","GF/000032/LOC/9919/07/2026",,"9919","Jakarta","15000000",,"2026-07-13","16:48:36","2026-07-13","16:50:52"
"3386","1","3","PT. MITRA ABADI SINDOMAS","2026-08-01","2026-10-31","2026-07-13","GF/000032/LOC/9919/07/2026",,"9919","TANGERANG","15000000",,"2026-07-13","16:48:36","2026-07-13","16:50:52"
"5981","2","3","PT. SURYA PANGAN SEJAHTERA","2026-07-01","2026-07-31","2026-07-14","GNF/000407/LOC/8001/07/2026",,"8001","Jakarta","2000000",,"2026-07-14","16:40:57","2026-07-14","16:45:08"
"5981","2","3","PT. SURYA PANGAN SEJAHTERA","2026-07-01","2026-07-31","2026-07-14","GNF/000407/LOC/8001/07/2026",,"8001","JAKARTA SELATAN","2000000",,"2026-07-14","16:40:57","2026-07-14","16:45:08"
"4926","2","3","PT. CATUR SENTOSA ANUGERAH (SKINTIFC)","2026-07-01","2026-07-31","2026-07-14","GNF/000005/LOC/8003/07/2026",,"8003","Jakarta","3857311",,"2026-07-14","16:50:55","2026-07-14","17:12:35"
"4181","1","3","PT. MITRA JAYA PERSADA (FD/GLICO)","2026-04-16","2026-07-15","2026-04-09","GF/000047/LOC/9903/04/2026",,"9903","Jakarta","30000000",,"2026-04-09","16:42:14","2026-07-14","11:52:01"
"520","1","3","PT. TUMBAKMAS NIAGASAKTI","2026-08-01","2026-12-31","2026-07-14","GF/000110/LOC/9903/07/2026",,"9903","Jakarta","50000000",,"2026-07-14","14:21:57","2026-07-14","14:24:00"
"520","1","3","PT. TUMBAKMAS NIAGASAKTI","2026-08-01","2026-12-31","2026-07-14","GF/000110/LOC/9903/07/2026",,"9903","DKI JAKARTA","50000000",,"2026-07-14","14:21:57","2026-07-14","14:24:00"
"520","1","3","PT. TUMBAKMAS NIAGASAKTI","2026-08-01","2026-12-31","2026-07-14","GF/000094/LOC/9908/07/2026",,"9908","Jakarta","50000000",,"2026-07-14","14:15:07","2026-07-14","14:18:45"
"257","1","3","PT. KARUNIA SUKSES GEMILANG","2026-08-01","2027-07-31","2026-07-14","GF/000033/LOC/9919/07/2026",,"9919","Jakarta","120000000",,"2026-07-14","14:33:23","2026-07-14","14:35:10"
"2353","1","3","PT. GAUTAMA INDAH PERKASA","2026-04-04","2026-07-31","2026-07-14","GF/000073/LOC/9920/07/2026",,"9920","Bali","22500000",,"2026-07-14","13:58:51","2026-07-14","14:06:41"
"2000","1","3","PT. SUKANDA DJAYA (BALI)","2026-08-01","2026-12-31","2026-07-14","GF/000074/LOC/9920/07/2026",,"9920","Bali","37500000",,"2026-07-14","14:10:42","2026-07-14","14:26:51"
"2353","1","3","PT. GAUTAMA INDAH PERKASA","2026-04-04","2026-07-31","2026-07-14","GF/000073/LOC/9920/07/2026",,"9920","BALI","22500000",,"2026-07-14","13:58:51","2026-07-14","14:06:41"
"4285","4","3","PT. CJ FOOD LESTARI(DF)","2026-07-10","2026-07-10","2026-07-10","FDF/000039/LOC/8001/07/2026",,"8001","Jakarta","4000000",,"2026-07-10","10:15:08","2026-07-15","12:11:15"
"4261","1","3","PT. TIGARAKSA SATRIA TBK (JKT)","2026-05-16","2026-12-31","2026-06-09","GF/000137/LOC/8001/06/2026",,"8001","Jakarta","75000000",,"2026-06-09","17:21:39","2026-07-15","08:59:47"
"3028","1","3","PT. SARANA ABADI MAKMUR BERSAMA (PERF)","2026-07-15","2026-07-15","2026-07-15","GF/000208/LOC/8001/07/2026",,"8001","Jakarta","15000000","SUPPORT NEW ITEM","2026-07-15","11:40:05","2026-07-15","12:00:45"
"4602","1","3","PT. SATOU LAB","2026-07-15","2026-07-15","2026-07-15","GF/000209/LOC/8001/07/2026",,"8001","Jakarta","22500000","SUPPORT NEW ITEM","2026-07-15","16:36:50","2026-07-15","16:38:21"
"380","1","3","PT. TEMPO","2026-07-15","2026-07-15","2026-07-15","GF/000211/LOC/8001/07/2026",,"8001","Jakarta","15000000","SUPPORT NEW ITEM","2026-07-15","17:01:14","2026-07-15","17:03:09"
"226","1","3","PT. KARA SANTAN PERTAMA","2026-07-15","2026-07-15","2026-07-15","GF/000212/LOC/8001/07/2026",,"8001","Jakarta","7500000","SUPPORT NEW ITEM","2026-07-15","17:13:01","2026-07-15","17:13:39"
"3983","1","3","PT. CATUR SENTOSA ANUGERAH (KALBE)","2026-07-15","2026-07-15","2026-07-15","GF/000213/LOC/8001/07/2026",,"8001","Jakarta","22500000","SUPPORT NEW ITEM","2026-07-15","17:34:34","2026-07-15","17:36:53"
"3983","1","3","PT. CATUR SENTOSA ANUGERAH (KALBE)","2026-07-15","2026-07-15","2026-07-15","GF/000214/LOC/8001/07/2026",,"8001","Jakarta","22500000","SUPPORT NEW ITEM","2026-07-15","17:37:33","2026-07-15","17:39:29"
"4293","1","3","PT. KARYADIBYA MAHARDHIKA","2026-07-15","2026-07-15","2026-07-15","GF/000215/LOC/8001/07/2026",,"8001","Jakarta","7500000","SUPPORT NEW ITEM","2026-07-15","18:02:25","2026-07-15","18:03:20"
"1056","2","3","PT. PENTA VALENT TBK","2026-07-15","2026-07-15","2026-07-15","GF/000216/LOC/8001/07/2026",,"8001","Jakarta","22500000","SUPPORT NEW ITEM","2026-07-15","18:07:23","2026-07-15","18:09:31"
"1303","2","3","PT. TIGARAKSA SATRIA TBK","2026-01-06","2026-01-31","2026-01-06","GNF/000021/LOC/8001/01/2026",,"8001","Jakarta","20000000",,"2026-01-06","12:50:40","2026-07-15","11:31:49"
"3334","2","3","PT. NIRMALA PANGAN SEJAHTERA","2026-03-17","2026-03-31","2026-03-17","GNF/000178/LOC/8001/03/2026",,"8001","Jakarta","22500000",,"2026-03-17","11:14:57","2026-07-15","11:16:42"
"3378","2","3","PT. SEHAT SECARA ALAMI","2026-03-17","2026-03-31","2026-03-17","GNF/000180/LOC/8001/03/2026",,"8001","Jakarta","5000000",,"2026-03-17","18:39:42","2026-07-15","11:26:41"
"5658","2","3","PT. MALINDO CEMERLANG PRATAMA","2026-03-25","2026-03-31","2026-03-25","GNF/000185/LOC/8001/03/2026",,"8001","Jakarta","7000000",,"2026-03-25","11:45:25","2026-07-15","11:27:59"
"3887","2","3","PT. INBISCO NIAGATAMA SEMESTA","2026-03-25","2026-03-31","2026-03-25","GNF/000187/LOC/8001/03/2026",,"8001","Jakarta","22500000",,"2026-03-25","16:51:04","2026-07-15","11:21:25"
"143","2","3","PT. SUPARMA TBK","2026-04-29","2026-04-30","2026-04-29","GNF/000246/LOC/8001/04/2026",,"8001","Jakarta","5000000",,"2026-04-29","11:14:00","2026-07-15","10:40:07"
"4770","2","3","PT. KHARISMA SUKSES PERSADA","2026-05-05","2026-05-31","2026-05-05","GNF/000262/LOC/8001/05/2026",,"8001","Jakarta","1000000",,"2026-05-05","17:34:44","2026-07-15","11:35:20"
"5358","2","3","PT. MORNING GLORY STATIONERY INDONESIA","2026-06-17","2026-06-28","2026-06-12","GNF/000316/LOC/8001/06/2026",,"8001","Jakarta","3000000","STORE SCBD & GLC","2026-06-12","16:21:49","2026-07-15","10:00:29"
"4928","2","3","PT. GENERO PHARMACEUTICALS","2026-07-01","2026-12-31","2026-06-12","GNF/000331/LOC/8001/06/2026",,"8001","Jakarta","15000000",,"2026-06-12","17:16:50","2026-07-15","16:13:05"
"3554","2","3","PT. INDOMARCO ADI PRIMA","2026-07-01","2026-09-30","2026-06-17","GNF/000343/LOC/8001/06/2026",,"8001","Jakarta","18000000",,"2026-06-17","16:45:23","2026-07-15","10:12:42"
"3745","2","3","PT. ANSARA BUMI PERKASA","2026-07-01","2026-09-30","2026-06-18","GNF/000360/LOC/8001/06/2026",,"8001","Jakarta","7000000",,"2026-06-18","09:58:49","2026-07-15","10:45:28"
"534","2","3","PT. TIGARAKSA SATRIA TBK","2026-08-01","2026-12-31","2026-07-07","GNF/000403/LOC/8001/07/2026",,"8001","Jakarta","25000000",,"2026-07-07","11:52:28","2026-07-15","17:45:40"
"3384","2","3","PT. VASTU CIPTA NIRMANA","2026-08-01","2027-01-31","2026-07-15","GNF/000408/LOC/8001/07/2026",,"8001","Jakarta","12500000",,"2026-07-15","17:52:34","2026-07-15","17:53:43"
"872","2","3","PT. MUSTIKA RATU BUANA INTERNATIONAL","2026-08-01","2026-11-30","2026-07-15","GNF/000409/LOC/8001/07/2026",,"8001","Jakarta","10000000",,"2026-07-15","17:54:41","2026-07-15","17:56:41"
"1253","2","3","PT. UNILEVER INDONESIA TBK","2026-08-01","2026-10-31","2026-07-15","GNF/000410/LOC/8001/07/2026",,"8001","Jakarta","3750000",,"2026-07-15","17:57:28","2026-07-15","17:58:29"
"772","2","3","PT. CITRA KREASI MAKMUR","2026-08-01","2027-07-31","2026-07-15","GNF/000411/LOC/8001/07/2026",,"8001","Jakarta","20000000",,"2026-07-15","17:58:57","2026-07-15","17:59:43"
"2495","2","3","PT. UNIRAMA DUTA NIAGA (OTC/NF)","2026-07-01","2026-08-31","2026-07-15","GNF/000412/LOC/8001/07/2026",,"8001","Jakarta","10000000",,"2026-07-15","18:01:08","2026-07-15","18:01:58"
"5885","2","3","PT. MENARA ABADI SOFINDO","2026-08-01","2026-10-31","2026-07-15","GNF/000413/LOC/8001/07/2026",,"8001","Jakarta","15000000",,"2026-07-15","18:02:26","2026-07-15","18:03:22"
"5740","2","3","PT. PROSPERA AGENG SEJAHTERA","2026-08-01","2026-10-31","2026-07-15","GNF/000414/LOC/8001/07/2026",,"8001","Jakarta","9000000",,"2026-07-15","18:03:36","2026-07-15","18:05:16"
"222","2","3","PT. KAO INDONESIA","2026-07-16","2027-07-15","2026-07-15","GNF/000415/LOC/8001/07/2026",,"8001","Jakarta","40000000",,"2026-07-15","18:05:33","2026-07-15","18:07:03"
"964","2","3","PT. BAHTERA CIPTA RAGA PRIMA","2026-08-01","2026-10-31","2026-07-15","GNF/000416/LOC/8001/07/2026",,"8001","Jakarta","3000000",,"2026-07-15","18:12:28","2026-07-15","18:13:59"
"3028","1","3","PT. SARANA ABADI MAKMUR BERSAMA (PERF)","2026-07-15","2026-07-15","2026-07-15","GF/000208/LOC/8001/07/2026",,"8001","JAKARTA SELATAN","15000000","SUPPORT NEW ITEM","2026-07-15","11:40:05","2026-07-15","12:00:45"
"380","1","3","PT. TEMPO","2026-07-15","2026-07-15","2026-07-15","GF/000211/LOC/8001/07/2026",,"8001","JAKARTA SELATAN","15000000","SUPPORT NEW ITEM","2026-07-15","17:01:14","2026-07-15","17:03:09"
"3983","1","3","PT. CATUR SENTOSA ANUGERAH (KALBE)","2026-07-15","2026-07-15","2026-07-15","GF/000214/LOC/8001/07/2026",,"8001","JAKARTA SELATAN","22500000","SUPPORT NEW ITEM","2026-07-15","17:37:33","2026-07-15","17:39:29"
"226","1","3","PT. KARA SANTAN PERTAMA","2026-07-15","2026-07-15","2026-07-15","GF/000212/LOC/8001/07/2026",,"8001","JAKARTA SELATAN","7500000","SUPPORT NEW ITEM","2026-07-15","17:13:01","2026-07-15","17:13:39"
"4602","1","3","PT. SATOU LAB","2026-07-15","2026-07-15","2026-07-15","GF/000209/LOC/8001/07/2026",,"8001","JAKARTA SELATAN","22500000","SUPPORT NEW ITEM","2026-07-15","16:36:50","2026-07-15","16:38:21"
"872","2","3","PT. MUSTIKA RATU BUANA INTERNATIONAL","2026-08-01","2026-11-30","2026-07-15","GNF/000409/LOC/8001/07/2026",,"8001","JAKARTA SELATAN","10000000",,"2026-07-15","17:54:41","2026-07-15","17:56:41"
"5740","2","3","PT. PROSPERA AGENG SEJAHTERA","2026-08-01","2026-10-31","2026-07-15","GNF/000414/LOC/8001/07/2026",,"8001","JAKARTA SELATAN","9000000",,"2026-07-15","18:03:36","2026-07-15","18:05:16"
"5885","2","3","PT. MENARA ABADI SOFINDO","2026-08-01","2026-10-31","2026-07-15","GNF/000413/LOC/8001/07/2026",,"8001","JAKARTA SELATAN","15000000",,"2026-07-15","18:02:26","2026-07-15","18:03:22"
"534","2","3","PT. TIGARAKSA SATRIA TBK","2026-08-01","2026-12-31","2026-07-07","GNF/000403/LOC/8001/07/2026",,"8001","JAKARTA SELATAN","25000000",,"2026-07-07","11:52:28","2026-07-15","17:45:40"
"5358","2","3","PT. MORNING GLORY STATIONERY INDONESIA","2026-06-17","2026-06-28","2026-06-12","GNF/000316/LOC/8001/06/2026",,"8001","JAKARTA SELATAN","3000000","STORE SCBD & GLC","2026-06-12","16:21:49","2026-07-15","10:00:29"
"3378","2","3","PT. SEHAT SECARA ALAMI","2026-03-17","2026-03-31","2026-03-17","GNF/000180/LOC/8001/03/2026",,"8001","JAKARTA SELATAN","5000000",,"2026-03-17","18:39:42","2026-07-15","11:26:41"
"5740","2","3","PT. PROSPERA AGENG SEJAHTERA","2026-08-01","2026-09-30","2026-07-15","GNF/000027/LOC/8002/07/2026",,"8002","Jakarta","6000000",,"2026-07-15","18:07:22","2026-07-15","18:08:13"
"3384","2","3","PT. VASTU CIPTA NIRMANA","2026-08-01","2027-01-31","2026-07-15","GNF/000110/LOC/9902/07/2026",,"9902","Jakarta","10000000",,"2026-07-15","18:11:09","2026-07-15","18:11:58"
"3748","2","3","PT. SAI INDONESIA","2026-08-01","2026-10-31","2026-07-15","GNF/000111/LOC/9902/07/2026",,"9902","Jakarta","1500000",,"2026-07-15","18:14:22","2026-07-15","18:15:21"
"3763","2","3","PT. CATUR SENTOSA ANUGERAH (PASEO)","2026-08-01","2027-07-31","2026-07-15","GNF/000112/LOC/9902/07/2026",,"9902","Jakarta","35000000",,"2026-07-15","18:15:33","2026-07-15","18:16:26"
"4181","1","3","PT. MITRA JAYA PERSADA (FD/GLICO)","2026-07-16","2026-10-15","2026-07-14","GF/000109/LOC/9903/07/2026",,"9903","Jakarta","30000000",,"2026-07-14","11:50:03","2026-07-15","09:19:05"
"1351","2","3","PT. ECO LIVING","2026-08-01","2027-02-28","2026-07-15","GNF/000104/LOC/9903/07/2026",,"9903","Jakarta","25000000",,"2026-07-15","18:18:41","2026-07-15","18:21:06"
"430","2","3","PT. SAYAP MAS UTAMA (SCBD/RD/PRG)","2026-08-01","2027-07-31","2026-07-15","GNF/000105/LOC/9903/07/2026",,"9903","Jakarta","84000000",,"2026-07-15","18:21:59","2026-07-15","18:22:54"
"1524","2","3","PT. ASIA PARAMITA INDAH","2026-08-01","2026-10-31","2026-07-15","GNF/000106/LOC/9903/07/2026",,"9903","Jakarta","15000000",,"2026-07-15","18:23:32","2026-07-15","18:24:29"
"430","2","3","PT. SAYAP MAS UTAMA (SCBD/RD/PRG)","2026-08-01","2026-10-31","2026-07-15","GNF/000107/LOC/9903/07/2026",,"9903","Jakarta","30000000",,"2026-07-15","18:24:55","2026-07-15","18:26:06"
"430","2","3","PT. SAYAP MAS UTAMA (SCBD/RD/PRG)","2026-08-01","2026-10-31","2026-07-15","GNF/000108/LOC/9903/07/2026",,"9903","Jakarta","30000000",,"2026-07-15","18:26:29","2026-07-15","18:27:14"
"3384","2","3","PT. VASTU CIPTA NIRMANA","2026-08-01","2027-01-31","2026-07-15","GNF/000142/LOC/9908/07/2026",,"9908","Jakarta","10000000",,"2026-07-15","18:29:19","2026-07-15","18:30:09"
"2495","2","3","PT. UNIRAMA DUTA NIAGA (OTC/NF)","2026-08-01","2026-08-31","2026-07-15","GNF/000143/LOC/9908/07/2026",,"9908","Jakarta","5000000",,"2026-07-15","18:31:04","2026-07-15","18:31:46"
"3554","2","3","PT. INDOMARCO ADI PRIMA","2026-08-01","2026-08-31","2026-07-15","GNF/000144/LOC/9908/07/2026",,"9908","Jakarta","7500000",,"2026-07-15","18:32:08","2026-07-15","18:33:18"
"4435","2","3","PT. CATUR SENTOSA ANUGERAH (HIT)","2026-08-01","2026-10-31","2026-07-15","GNF/000145/LOC/9908/07/2026",,"9908","Jakarta","21000000",,"2026-07-15","18:33:40","2026-07-15","18:35:05"
"3380","2","3","PT. SIWA CITRA UTAMA (VAPE/BALI)","2026-08-01","2026-10-31","2026-07-15","GNF/000037/LOC/9912/07/2026",,"9912","Bali","12000000",,"2026-07-15","18:35:35","2026-07-15","18:37:17"
"2634","2","3","PT. PARAMA GLOBAL INSPIRA (WARDAH/NF)","2026-08-01","2027-07-31","2026-07-15","GNF/000038/LOC/9912/07/2026",,"9912","Bali","40000000",,"2026-07-15","18:37:59","2026-07-15","18:39:11"
"143","2","3","PT. SUPARMA TBK","2026-08-01","2026-10-31","2026-07-15","GNF/000057/LOC/9916/07/2026",,"9916","Jakarta","6000000",,"2026-07-15","18:39:36","2026-07-15","18:40:55"
"3763","2","3","PT. CATUR SENTOSA ANUGERAH (PASEO)","2026-08-01","2026-10-31","2026-07-15","GNF/000058/LOC/9916/07/2026",,"9916","Jakarta","6000000",,"2026-07-15","18:41:57","2026-07-15","18:43:51"
"3384","2","3","PT. VASTU CIPTA NIRMANA","2026-08-01","2027-01-31","2026-07-15","GNF/000073/LOC/9918/07/2026",,"9918","Jakarta","10000000",,"2026-07-15","18:44:19","2026-07-15","18:47:50"
"5740","2","3","PT. PROSPERA AGENG SEJAHTERA","2026-07-01","2026-11-30","2026-07-15","GNF/000076/LOC/9918/07/2026",,"9918","Jakarta","12000000",,"2026-07-15","19:04:16","2026-07-15","19:06:19"
"5725","1","3","PT. PENTA VALENT TBK","2026-07-16","2026-07-16","2026-07-16","GF/000217/LOC/8001/07/2026",,"8001","Jakarta","7500000","SUPPORT NEW ITEM","2026-07-16","15:07:53","2026-07-16","15:09:39"
"2713","2","3","PT. UNIRAMA DUTA NIAGA (NF/SCBD/PRG)","2026-07-24","2027-01-23","2026-07-16","GNF/000417/LOC/8001/07/2026",,"8001","Jakarta","10000000",,"2026-07-16","09:55:48","2026-07-16","09:57:35"
"5575","2","3","PT. LAJU KERJA BERSAMA","2026-07-16","2026-07-31","2026-07-16","GNF/000419/LOC/8001/07/2026",,"8001","Jakarta","15000000",,"2026-07-16","17:32:07","2026-07-16","18:03:39"
"5725","1","3","PT. PENTA VALENT TBK","2026-07-16","2026-07-16","2026-07-16","GF/000217/LOC/8001/07/2026",,"8001","JAKARTA SELATAN","7500000","SUPPORT NEW ITEM","2026-07-16","15:07:53","2026-07-16","15:09:39"
"2713","2","3","PT. UNIRAMA DUTA NIAGA (NF/SCBD/PRG)","2026-07-24","2027-01-23","2026-07-16","GNF/000417/LOC/8001/07/2026",,"8001","JAKARTA SELATAN","10000000",,"2026-07-16","09:55:48","2026-07-16","09:57:35"
"5575","2","3","PT. LAJU KERJA BERSAMA","2026-07-16","2026-07-31","2026-07-16","GNF/000419/LOC/8001/07/2026",,"8001","JAKARTA SELATAN","15000000",,"2026-07-16","17:32:07","2026-07-16","18:03:39"
"4090","1","3","PT. ASIA PRIMA KONJAC","2026-01-01","2026-12-31","2026-01-06","GF/000008/LOC/9908/01/2026",,"9908","Jakarta","60000000",,"2026-01-06","16:07:20","2026-07-16","15:01:55"
"2662","2","3","PT. CATUR SENTOSA ANUGERAH (J&J)","2026-07-24","2026-10-23","2026-07-16","GNF/000113/LOC/9919/07/2026",,"9919","Jakarta","12500000",,"2026-07-16","09:59:24","2026-07-16","10:00:22"
"2662","2","3","PT. CATUR SENTOSA ANUGERAH (J&J)","2026-07-24","2026-10-23","2026-07-16","GNF/000114/LOC/9919/07/2026",,"9919","Jakarta","4500000",,"2026-07-16","10:00:44","2026-07-16","10:02:29"
"3748","2","3","PT. SAI INDONESIA","2026-07-24","2027-07-23","2026-07-16","GNF/000115/LOC/9919/07/2026",,"9919","Jakarta","40000000",,"2026-07-16","10:03:00","2026-07-16","10:04:05"
"3748","2","3","PT. SAI INDONESIA","2026-07-24","2027-07-23","2026-07-16","GNF/000116/LOC/9919/07/2026",,"9919","Jakarta","40000000",,"2026-07-16","10:06:47","2026-07-16","10:07:48"
"5981","2","3","PT. SURYA PANGAN SEJAHTERA","2026-07-24","2027-07-23","2026-07-16","GNF/000119/LOC/9919/07/2026",,"9919","Jakarta","25000000",,"2026-07-16","10:11:35","2026-07-16","10:12:24"
"274","2","3","PT. MENSA BINASUKSES","2026-07-24","2027-07-23","2026-07-16","GNF/000121/LOC/9919/07/2026",,"9919","Jakarta","30000000",,"2026-07-16","10:14:11","2026-07-16","10:16:14"
"2634","2","3","PT. PARAMA GLOBAL INSPIRA (WARDAH/NF)","2026-07-24","2027-07-23","2026-07-16","GNF/000122/LOC/9919/07/2026",,"9919","Jakarta","30000000",,"2026-07-16","10:17:17","2026-07-16","10:18:00"
"3472","2","3","PT. SEMESTA DISTRIBUSI INDONESIA","2026-07-24","2027-07-23","2026-07-16","GNF/000123/LOC/9919/07/2026",,"9919","Jakarta","20000000",,"2026-07-16","10:18:20","2026-07-16","10:19:16"
"38","2","3","PT. BINA SAN PRIMA","2026-07-24","2027-07-23","2026-07-16","GNF/000124/LOC/9919/07/2026",,"9919","Jakarta","20000000",,"2026-07-16","10:19:31","2026-07-16","10:20:09"
"3429","2","3","PT. KOTAMAS MAKMUR NATIONAL AGENCY","2026-07-24","2027-07-23","2026-07-16","GNF/000125/LOC/9919/07/2026",,"9919","Jakarta","20000000",,"2026-07-16","10:20:46","2026-07-16","10:21:53"
"362","2","3","PT. MUNCUL ANUGERAH SAKTI","2026-07-24","2027-07-23","2026-07-16","GNF/000128/LOC/9919/07/2026",,"9919","Jakarta","35000000",,"2026-07-16","10:32:35","2026-07-16","10:35:32"
"1524","2","3","PT. ASIA PARAMITA INDAH","2026-07-24","2027-07-23","2026-07-16","GNF/000131/LOC/9919/07/2026",,"9919","Jakarta","25000000",,"2026-07-16","11:15:42","2026-07-16","11:30:56"
"3328","2","3","PT. TRANS NUSANTARA SEJATI","2026-07-24","2027-07-23","2026-07-16","GNF/000133/LOC/9919/07/2026",,"9919","Jakarta","30000000",,"2026-07-16","11:33:46","2026-07-16","11:38:59"
"595","2","3","PT. DUA BERLIAN","2026-07-24","2027-07-23","2026-07-16","GNF/000134/LOC/9919/07/2026",,"9919","Jakarta","40000000",,"2026-07-16","11:39:30","2026-07-16","11:45:15"
"1056","2","3","PT. PENTA VALENT TBK","2026-07-24","2027-07-23","2026-07-16","GNF/000135/LOC/9919/07/2026",,"9919","Jakarta","25000000",,"2026-07-16","11:45:34","2026-07-16","11:46:37"
"3763","2","3","PT. CATUR SENTOSA ANUGERAH (PASEO)","2026-07-24","2027-07-23","2026-07-16","GNF/000136/LOC/9919/07/2026",,"9919","Jakarta","100000000",,"2026-07-16","11:47:11","2026-07-16","11:48:20"
"430","2","3","PT. SAYAP MAS UTAMA (SCBD/RD/PRG)","2026-07-24","2026-10-23","2026-07-16","GNF/000137/LOC/9919/07/2026",,"9919","Jakarta","10500000","SO KLIN MATIC, NUVO, ZINC & GIV","2026-07-16","11:48:42","2026-07-16","11:52:41"
"430","2","3","PT. SAYAP MAS UTAMA (SCBD/RD/PRG)","2026-07-24","2026-10-23","2026-07-16","GNF/000138/LOC/9919/07/2026",,"9919","Jakarta","10500000","SO KLIN LIQ, SYSTEMA, KODOMO & POISE","2026-07-16","11:52:59","2026-07-16","11:55:16"
"3757","2","3","PT. KAO INDONESIA DISTRIBUTION","2026-07-24","2027-07-23","2026-07-16","GNF/000139/LOC/9919/07/2026",,"9919","Jakarta","45000000",,"2026-07-16","11:56:08","2026-07-16","11:59:14"
"2152","2","3","PT. BAHTERA CIPTA RAGA PRIMA (SHICK/NF)","2026-07-24","2027-07-23","2026-07-16","GNF/000140/LOC/9919/07/2026",,"9919","Jakarta","35000000",,"2026-07-16","12:08:01","2026-07-16","12:10:28"
"3554","2","3","PT. INDOMARCO ADI PRIMA","2026-07-24","2027-07-31","2026-07-16","GNF/000143/LOC/9919/07/2026",,"9919","Jakarta","40000000",,"2026-07-16","12:14:37","2026-07-16","12:15:42"
"2934","2","3","PT. BINA SAN PRIMA (ENERGIZER/NF)","2026-07-24","2026-10-23","2026-07-16","GNF/000144/LOC/9919/07/2026",,"9919","Jakarta","12000000",,"2026-07-16","12:16:15","2026-07-16","12:17:42"
"2495","2","3","PT. UNIRAMA DUTA NIAGA (OTC/NF)","2026-07-24","2026-08-23","2026-07-16","GNF/000145/LOC/9919/07/2026",,"9919","Jakarta","5000000",,"2026-07-16","12:18:01","2026-07-16","12:19:05"
"3763","2","3","PT. CATUR SENTOSA ANUGERAH (PASEO)","2026-07-24","2027-04-23","2026-07-16","GNF/000146/LOC/9919/07/2026",,"9919","Jakarta","90000000",,"2026-07-16","12:19:16","2026-07-16","12:20:10"
"3440","2","3","PT. UNIRAMA DUTA NIAGA (SWEETY/SCBD)","2026-08-01","2026-08-31","2026-07-16","GNF/000147/LOC/9919/07/2026",,"9919","Jakarta","5000000",,"2026-07-16","12:20:29","2026-07-16","12:21:50"
"3763","2","3","PT. CATUR SENTOSA ANUGERAH (PASEO)","2026-07-24","2027-07-23","2026-07-16","GNF/000149/LOC/9919/07/2026",,"9919","Jakarta","80000000",,"2026-07-16","12:25:44","2026-07-16","12:26:59"
"4435","2","3","PT. CATUR SENTOSA ANUGERAH (HIT)","2026-07-24","2027-07-23","2026-07-16","GNF/000150/LOC/9919/07/2026",,"9919","Jakarta","40000000",,"2026-07-16","12:27:19","2026-07-16","12:31:56"
"3136","2","3","PT. SINERGI MULTI DISTRINDO (PIGEON)","2026-07-24","2027-07-23","2026-07-16","GNF/000151/LOC/9919/07/2026",,"9919","Jakarta","25000000",,"2026-07-16","12:29:42","2026-07-16","12:31:18"
"2549","2","3","PT. BINA SAN PRIMA(BYGN/SCBD/RD/PRG/NF)","2026-07-24","2027-07-23","2026-07-16","GNF/000152/LOC/9919/07/2026",,"9919","Jakarta","25000000",,"2026-07-16","12:33:02","2026-07-16","12:34:11"
"3440","2","3","PT. UNIRAMA DUTA NIAGA (SWEETY/SCBD)","2026-07-24","2027-01-23","2026-07-16","GNF/000153/LOC/9919/07/2026",,"9919","Jakarta","30000000",,"2026-07-16","12:34:24","2026-07-16","12:35:45"
"541","2","3","PT. VIVA TEHNIK MANDIRI","2026-07-24","2027-07-23","2026-07-16","GNF/000154/LOC/9919/07/2026",,"9919","Jakarta","30000000",,"2026-07-16","12:36:30","2026-07-16","12:37:17"
"222","2","3","PT. KAO INDONESIA","2026-07-24","2027-07-23","2026-07-16","GNF/000156/LOC/9919/07/2026",,"9919","Jakarta","10000000",,"2026-07-16","12:41:14","2026-07-16","12:42:27"
"3763","2","3","PT. CATUR SENTOSA ANUGERAH (PASEO)","2026-07-24","2027-04-23","2026-07-16","GNF/000158/LOC/9919/07/2026",,"9919","Jakarta","90000000",,"2026-07-16","12:44:34","2026-07-16","12:47:18"
"586","2","3","PT. TEMPO","2026-07-24","2026-10-23","2026-07-16","GNF/000159/LOC/9919/07/2026",,"9919","Jakarta","24000000",,"2026-07-16","12:47:56","2026-07-16","12:48:49"
"2662","2","3","PT. CATUR SENTOSA ANUGERAH (J&J)","2026-07-24","2026-10-27","2026-07-16","GNF/000160/LOC/9919/07/2026",,"9919","Jakarta","24000000",,"2026-07-16","12:49:03","2026-07-16","12:49:55"
"3136","2","3","PT. SINERGI MULTI DISTRINDO (PIGEON)","2026-07-24","2026-10-23","2026-07-16","GNF/000161/LOC/9919/07/2026",,"9919","Jakarta","15000000",,"2026-07-16","12:50:18","2026-07-16","12:51:07"
"131","2","3","PT. SURYAMAS MENTARI","2026-07-24","2026-10-23","2026-07-16","GNF/000162/LOC/9919/07/2026",,"9919","Jakarta","24000000",,"2026-07-16","12:51:24","2026-07-16","12:52:08"
"1309","2","3","PT. ARTA BOGA CEMERLANG","2026-07-24","2026-10-23","2026-07-16","GNF/000163/LOC/9919/07/2026",,"9919","Jakarta","21000000",,"2026-07-16","12:52:35","2026-07-16","12:53:26"
"430","2","3","PT. SAYAP MAS UTAMA (SCBD/RD/PRG)","2026-07-24","2026-10-23","2026-07-16","GNF/000164/LOC/9919/07/2026",,"9919","Jakarta","21000000",,"2026-07-16","12:53:39","2026-07-16","12:54:38"
"430","2","3","PT. SAYAP MAS UTAMA (SCBD/RD/PRG)","2026-07-24","2026-10-23","2026-07-16","GNF/000165/LOC/9919/07/2026",,"9919","Jakarta","21000000",,"2026-07-16","12:54:52","2026-07-16","12:55:46"
"430","2","3","PT. SAYAP MAS UTAMA (SCBD/RD/PRG)","2026-07-24","2026-10-23","2026-07-16","GNF/000166/LOC/9919/07/2026",,"9919","Jakarta","21000000",,"2026-07-16","12:56:00","2026-07-16","12:56:58"
"430","2","3","PT. SAYAP MAS UTAMA (SCBD/RD/PRG)","2026-07-24","2026-10-23","2026-07-16","GNF/000167/LOC/9919/07/2026",,"9919","Jakarta","21000000",,"2026-07-16","12:57:14","2026-07-16","12:59:27"
"585","2","3","PT. SARANA ABADI MAKMUR BERSAMA","2026-07-24","2026-10-23","2026-07-16","GNF/000168/LOC/9919/07/2026",,"9919","Jakarta","22500000",,"2026-07-16","12:59:41","2026-07-16","13:00:50"
"1303","2","3","PT. TIGARAKSA SATRIA TBK","2026-07-24","2026-10-23","2026-07-16","GNF/000169/LOC/9919/07/2026",,"9919","Jakarta","27000000",,"2026-07-16","13:02:12","2026-07-16","13:05:35"
"3554","2","3","PT. INDOMARCO ADI PRIMA","2026-07-24","2026-10-23","2026-07-16","GNF/000170/LOC/9919/07/2026",,"9919","Jakarta","27000000",,"2026-07-16","13:06:13","2026-07-16","13:07:09"
"222","2","3","PT. KAO INDONESIA","2026-07-24","2027-07-23","2026-07-16","GNF/000172/LOC/9919/07/2026",,"9919","Jakarta","70000000",,"2026-07-16","13:10:05","2026-07-16","13:10:40"
"3757","2","3","PT. KAO INDONESIA DISTRIBUTION","2026-07-24","2027-07-23","2026-07-16","GNF/000139/LOC/9919/07/2026",,"9919","TANGERANG","45000000",,"2026-07-16","11:56:08","2026-07-16","11:59:14"
"1524","2","3","PT. ASIA PARAMITA INDAH","2026-07-24","2027-07-23","2026-07-16","GNF/000131/LOC/9919/07/2026",,"9919","TANGERANG","25000000",,"2026-07-16","11:15:42","2026-07-16","11:30:56"
"3328","2","3","PT. TRANS NUSANTARA SEJATI","2026-07-24","2027-07-23","2026-07-16","GNF/000133/LOC/9919/07/2026",,"9919","TANGERANG","30000000",,"2026-07-16","11:33:46","2026-07-16","11:38:59"
"2023","2","3","PT. ASIA PARAMITA INDAH (DARLIE/BALI)","2026-07-08","2026-10-07","2026-07-16","GNF/000087/LOC/9920/07/2026",,"9920","Bali","12000000",,"2026-07-16","09:11:03","2026-07-16","09:13:13"
"5740","2","3","PT. PROSPERA AGENG SEJAHTERA","2026-08-01","2026-09-30","2026-07-16","GNF/000088/LOC/9920/07/2026",,"9920","Bali","8000000",,"2026-07-16","09:15:31","2026-07-16","09:18:53"
"1914","2","3","PT. TIGARAKSA SATRIA TBK (BALI)","2026-07-08","2026-10-07","2026-07-16","GNF/000090/LOC/9920/07/2026",,"9920","Bali","22500000",,"2026-07-16","09:25:34","2026-07-16","09:27:27"
"1253","2","3","PT. UNILEVER INDONESIA TBK","2026-07-08","2026-10-07","2026-07-16","GNF/000091/LOC/9920/07/2026",,"9920","Bali","21000000",,"2026-07-16","09:28:21","2026-07-16","09:29:31"
"2119","2","3","PT. DISTRIBUSI SURYA KENCANA (PTM/BALI)","2026-07-08","2026-10-07","2026-07-16","GNF/000092/LOC/9920/07/2026",,"9920","Bali","21000000",,"2026-07-16","09:29:47","2026-07-16","09:30:37"
"3528","2","3","PT. BORWITA CITRA PRIMA (HARPIC/BALI)","2026-07-08","2026-10-08","2026-07-16","GNF/000093/LOC/9920/07/2026",,"9920","Bali","21000000",,"2026-07-16","09:30:53","2026-07-16","09:31:48"
"1922","2","3","PT. DELTA SATRIA DEWATA (J&J/BALI)","2026-07-08","2026-10-07","2026-07-16","GNF/000099/LOC/9920/07/2026",,"9920","Bali","10000000",,"2026-07-16","09:43:33","2026-07-16","09:44:45"
"2174","2","3","PT. BORWITA CITRA PRIMA (P&G/NF/BALI)","2026-07-08","2026-10-07","2026-07-16","GNF/000102/LOC/9920/07/2026",,"9920","Bali","12500000",,"2026-07-16","09:50:30","2026-07-16","09:51:12"
"1914","2","3","PT. TIGARAKSA SATRIA TBK (BALI)","2026-07-08","2026-10-07","2026-07-16","GNF/000090/LOC/9920/07/2026",,"9920","BALI","22500000",,"2026-07-16","09:25:34","2026-07-16","09:27:27"
"1922","2","3","PT. DELTA SATRIA DEWATA (J&J/BALI)","2026-07-08","2026-10-07","2026-07-16","GNF/000099/LOC/9920/07/2026",,"9920","BALI","10000000",,"2026-07-16","09:43:33","2026-07-16","09:44:45"
"2023","2","3","PT. ASIA PARAMITA INDAH (DARLIE/BALI)","2026-07-08","2026-10-07","2026-07-16","GNF/000087/LOC/9920/07/2026",,"9920","BALI","12000000",,"2026-07-16","09:11:03","2026-07-16","09:13:13"
"4867","4","3","CV. PRIMA RASA UTAMA (SCBD/RD/CNR/PG/DF)","2026-07-10","2027-07-09","2026-07-17","FDF/000041/LOC/8001/07/2026",,"8001","Jakarta","50000000",,"2026-07-17","14:02:20","2026-07-17","14:03:55"
"2456","4","3","PT. PRAMBANAN KENCANA (DF)","2026-07-01","2026-12-31","2026-07-17","FDF/000042/LOC/8001/07/2026",,"8001","Jakarta","18000000",,"2026-07-17","14:04:56","2026-07-17","14:06:08"
"2456","4","3","PT. PRAMBANAN KENCANA (DF)","2026-01-01","2026-06-30","2025-10-28","FDF/000072/LOC/8001/10/2025",,"8001","Jakarta","36000000","Block Selving Product Arla Dan Lurpak","2025-10-28","11:07:26","2026-07-17","12:12:00"
"6038","1","3","CV. OSTRA KIRANA","2026-06-15","2026-06-15","2026-06-15","GF/000144/LOC/8001/06/2026",,"8001","Jakarta","4000000",,"2026-06-15","14:45:02","2026-07-17","13:37:42"
"475","1","3","PT. SUMBER TIRTA SENTOSA","2026-01-01","2026-12-31","2025-10-09","GF/000400/LOC/8001/10/2025",,"8001","Jakarta","60000000",,"2025-10-09","11:15:43","2026-07-17","11:20:45"
"1253","2","3","PT. UNILEVER INDONESIA TBK","2026-08-01","2026-09-30","2026-07-17","GNF/000420/LOC/8001/07/2026",,"8001","Jakarta","6666667",,"2026-07-17","16:59:56","2026-07-17","17:03:20"
"1253","2","3","PT. UNILEVER INDONESIA TBK","2026-08-01","2026-09-30","2026-07-17","GNF/000421/LOC/8001/07/2026",,"8001","Jakarta","2500000",,"2026-07-17","17:06:18","2026-07-17","17:08:43"
"475","1","3","PT. SUMBER TIRTA SENTOSA","2026-01-01","2026-12-31","2025-10-09","GF/000400/LOC/8001/10/2025",,"8001","JAKARTA SELATAN","60000000",,"2025-10-09","11:15:43","2026-07-17","11:20:45"
"6038","1","3","CV. OSTRA KIRANA","2026-06-15","2026-06-15","2026-06-15","GF/000144/LOC/8001/06/2026",,"8001","JAKARTA SELATAN","4000000",,"2026-06-15","14:45:02","2026-07-17","13:37:42"
"1253","2","3","PT. UNILEVER INDONESIA TBK","2026-07-01","2026-09-30","2026-07-17","GNF/000028/LOC/8002/07/2026",,"8002","Jakarta","3000000",,"2026-07-17","16:46:07","2026-07-17","16:51:31"
"1253","2","3","PT. UNILEVER INDONESIA TBK","2026-07-01","2026-09-30","2026-07-17","GNF/000035/LOC/9901/07/2026",,"9901","Bali","21000000",,"2026-07-17","16:50:13","2026-07-17","16:54:23"
"1253","2","3","PT. UNILEVER INDONESIA TBK","2026-08-01","2026-09-30","2026-07-17","GNF/000146/LOC/9908/07/2026",,"9908","Jakarta","4000000",,"2026-07-17","17:11:09","2026-07-17","17:12:09"
"2119","2","3","PT. DISTRIBUSI SURYA KENCANA (PTM/BALI)","2026-07-01","2026-09-30","2026-06-15","GNF/000024/LOC/9912/06/2026",,"9912","Bali","18000000",,"2026-06-15","12:09:17","2026-07-17","17:52:20"
"3637","2","3","PT. ANUGERAH PHARMINDO LESTARI(CTP/BALI)","2026-07-01","2026-09-30","2026-06-26","GNF/000036/LOC/9912/06/2026",,"9912","Bali","8750000",,"2026-06-26","13:55:12","2026-07-17","17:49:54"
"1990","1","3","PT. PRAMBANAN KENCANA (BALI)","2026-08-01","2027-07-31","2026-07-16","FDF/000006/LOC/9920/07/2026",,"9920","Bali","36000000",,"2026-07-16","12:00:18","2026-07-17","12:08:14"
"5197","1","3","PT. BALINA AGUNG PERKASA (DAESANG)","2026-07-01","2026-09-30","2026-07-18","GF/000220/LOC/8001/07/2026",,"8001","Jakarta","30000000",,"2026-07-18","08:57:42","2026-07-18","08:59:04"
"5197","1","3","PT. BALINA AGUNG PERKASA (DAESANG)","2026-07-01","2026-09-30","2026-07-18","GF/000220/LOC/8001/07/2026",,"8001","JAKARTA SELATAN","30000000",,"2026-07-18","08:57:42","2026-07-18","08:59:04"
"2138","2","3","PT. BAHTERA CIPTA RAGA PRIMA (NF/BALI )","2026-08-01","2027-07-31","2026-07-18","GNF/000036/LOC/9901/07/2026",,"9901","Bali","30000000",,"2026-07-18","14:17:01","2026-07-18","14:23:44"
"1253","2","3","PT. UNILEVER INDONESIA TBK","2026-07-08","2026-10-07","2026-07-16","GNF/000097/LOC/9920/07/2026",,"9920","Bali","21000000",,"2026-07-16","09:39:43","2026-07-18","10:07:54"
"6053","1","3","PT. SELVIA JAYA LESTARI","2026-07-07","2026-07-07","2026-07-07","GF/000162/LOC/8001/07/2026",,"8001","Jakarta","4000000","PT EKA JAYA LESTARI","2026-07-07","14:51:44","2026-07-20","11:34:36"
"120","1","3","PT. ESHAM DIMA MANDIRI","2026-07-20","2026-07-20","2026-07-20","GF/000222/LOC/8001/07/2026",,"8001","Jakarta","4000000",,"2026-07-20","11:50:52","2026-07-20","11:52:12"
"6063","2","3","PT. RAMASURYA PERKASA DISTRINDO","2026-07-16","2026-07-31","2026-07-16","GNF/000418/LOC/8001/07/2026",,"8001","Jakarta","4000000",,"2026-07-16","10:05:09","2026-07-20","11:26:49"
"2495","2","3","PT. UNIRAMA DUTA NIAGA (OTC/NF)","2026-06-01","2026-06-30","2026-07-20","GNF/000422/LOC/8001/07/2026",,"8001","Jakarta","5000000",,"2026-07-20","10:39:09","2026-07-20","10:45:04"
"6053","1","3","PT. SELVIA JAYA LESTARI","2026-07-07","2026-07-07","2026-07-07","GF/000162/LOC/8001/07/2026",,"8001","JAKARTA SELATAN","4000000","PT EKA JAYA LESTARI","2026-07-07","14:51:44","2026-07-20","11:34:36"
"3554","2","3","PT. INDOMARCO ADI PRIMA","2026-08-01","2027-07-31","2026-07-20","GNF/000029/LOC/8002/07/2026",,"8002","Jakarta","25000000",,"2026-07-20","18:59:59","2026-07-20","19:05:44"
"1990","1","3","PT. PRAMBANAN KENCANA (BALI)","2026-09-01","2026-09-30","2026-07-20","GF/000042/LOC/9901/07/2026",,"9901","Bali","5000000",,"2026-07-20","16:36:36","2026-07-20","16:38:30"
"1990","1","3","PT. PRAMBANAN KENCANA (BALI)","2026-03-01","2026-03-31","2025-12-29","GF/000082/LOC/9901/12/2025",,"9901","Bali","5000000",,"2025-12-29","15:55:55","2026-07-20","16:54:51"
"1990","1","3","PT. PRAMBANAN KENCANA (BALI)","2026-06-01","2026-06-30","2025-12-29","GF/000085/LOC/9901/12/2025",,"9901","Bali","5000000",,"2025-12-29","16:19:42","2026-07-20","16:56:49"
"6064","2","3","PT. CATUR SENTOSA ANUGERAH","2026-07-20","2026-07-31","2026-07-20","GNF/000037/LOC/9901/07/2026",,"9901","Bali","4000000",,"2026-07-20","12:13:41","2026-07-20","12:15:35"
"3528","2","3","PT. BORWITA CITRA PRIMA (HARPIC/BALI)","2026-08-01","2026-10-31","2026-07-20","GNF/000038/LOC/9901/07/2026",,"9901","Bali","12000000",,"2026-07-20","18:58:12","2026-07-20","18:59:02"
"1990","1","3","PT. PRAMBANAN KENCANA (BALI)","2026-06-01","2026-06-30","2025-12-29","GF/000085/LOC/9901/12/2025",,"9901","BALI","5000000",,"2025-12-29","16:19:42","2026-07-20","16:56:49"
"1026","1","3","PT. TIRTA BUANA INDORAYA","2026-05-01","2026-10-31","2026-05-21","GF/000080/LOC/9902/05/2026",,"9902","Jakarta","37500000",,"2026-05-21","15:08:47","2026-07-20","14:44:10"
"475","1","3","PT. SUMBER TIRTA SENTOSA","2026-01-01","2026-12-31","2026-05-29","GF/000081/LOC/9902/05/2026",,"9902","Jakarta","80000000",,"2026-05-29","16:14:55","2026-07-20","14:39:50"
"1505","1","3","PT. KORIN HUB","2026-07-01","2026-07-31","2026-06-08","GF/000086/LOC/9902/06/2026",,"9902","Jakarta","7500000",,"2026-06-08","12:24:39","2026-07-20","14:45:09"
"1704","1","3","PT. MALINDO SUKSES","2026-07-01","2026-09-30","2026-06-13","GF/000098/LOC/9902/06/2026",,"9902","Jakarta","22500000",,"2026-06-13","09:39:08","2026-07-20","14:40:45"
"2662","2","3","PT. CATUR SENTOSA ANUGERAH (J&J)","2026-09-01","2026-09-30","2026-07-20","GNF/000114/LOC/9902/07/2026",,"9902","Jakarta","14000000",,"2026-07-20","19:10:20","2026-07-20","19:13:23"
"121","1","3","PT. ESHAM DIMA MANDIRI","2026-09-01","2027-08-31","2026-07-20","GF/000097/LOC/9908/07/2026",,"9908","Jakarta","120000000",,"2026-07-20","11:05:18","2026-07-20","11:06:46"
"5197","1","3","PT. BALINA AGUNG PERKASA (DAESANG)","2026-04-01","2026-06-30","2026-07-20","GF/000098/LOC/9908/07/2026",,"9908","Jakarta","30000000",,"2026-07-20","12:20:22","2026-07-20","12:22:44"
"320","1","3","PT. PRAMBANAN KENCANA","2026-06-15","2026-07-14","2025-11-27","GF/000146/LOC/9908/11/2025",,"9908","Jakarta","10000000",,"2025-11-27","14:31:59","2026-07-20","12:02:51"
"320","1","3","PT. PRAMBANAN KENCANA","2026-07-15","2026-08-14","2025-11-27","GF/000147/LOC/9908/11/2025",,"9908","Jakarta","10000000","HERITAGE, BLUE DIAMONG, SUNKIST & ALMOND BREEZE","2025-11-27","14:37:27","2026-07-20","12:04:07"
"2662","2","3","PT. CATUR SENTOSA ANUGERAH (J&J)","2026-08-01","2026-09-30","2026-07-20","GNF/000147/LOC/9908/07/2026",,"9908","Jakarta","16000000",,"2026-07-20","19:15:31","2026-07-20","19:17:51"
"3451","1","3","PT. PANGAN LESTARI (KEWPIE/BALI)","2026-06-11","2026-12-10","2026-07-16","GF/000042/LOC/9912/07/2026",,"9912","Bali","37500000",,"2026-07-16","10:07:00","2026-07-20","17:02:01"
"4947","2","3","PT. COUCOU INDONESIA","2026-07-20","2026-07-31","2026-07-20","GNF/000040/LOC/9912/07/2026",,"9912","Bali","3000000",,"2026-07-20","11:35:18","2026-07-20","11:40:01"
"3528","2","3","PT. BORWITA CITRA PRIMA (HARPIC/BALI)","2026-08-01","2027-07-31","2026-07-20","GNF/000041/LOC/9912/07/2026",,"9912","Bali","30000000",,"2026-07-20","18:37:21","2026-07-20","18:48:57"
"164","1","3","PT. INBISCO NIAGATAMA SEMESTA","2025-12-16","2026-12-15","2026-07-20","GF/000046/LOC/9918/07/2026",,"9918","Jakarta","100000000",,"2026-07-20","11:26:15","2026-07-20","11:27:15"
"3554","2","3","PT. INDOMARCO ADI PRIMA","2026-08-01","2026-08-31","2026-07-20","GNF/000173/LOC/9919/07/2026",,"9919","Jakarta","7000000",,"2026-07-20","19:06:25","2026-07-20","19:08:42"
"4900","1","3","PT. TIGARAKSA SATRIA TBK (SAMYANG/BALI)","2026-04-07","2026-12-31","2026-03-13","GF/000017/LOC/9920/03/2026",,"9920","Bali","60000000",,"2026-03-13","09:57:44","2026-07-20","17:47:26"
"3927","1","3","PT. GONUSA PRIMA DISTRIBUSI (FD/BALI)","2026-04-07","2026-06-06","2026-03-16","GF/000018/LOC/9920/03/2026",,"9920","Bali","50000000",,"2026-03-16","09:54:36","2026-07-20","17:53:22"
"3528","2","3","PT. BORWITA CITRA PRIMA (HARPIC/BALI)","2026-08-01","2026-10-31","2026-07-20","GNF/000103/LOC/9920/07/2026",,"9920","Bali","12000000",,"2026-07-20","18:51:46","2026-07-20","18:57:35"
"3528","2","3","PT. BORWITA CITRA PRIMA (HARPIC/BALI)","2026-08-01","2026-10-31","2026-07-20","GNF/000103/LOC/9920/07/2026",,"9920","BALI","12000000",,"2026-07-20","18:51:46","2026-07-20","18:57:35"
"4900","1","3","PT. TIGARAKSA SATRIA TBK (SAMYANG/BALI)","2026-04-07","2026-12-31","2026-03-13","GF/000017/LOC/9920/03/2026",,"9920","BALI","60000000",,"2026-03-13","09:57:44","2026-07-20","17:47:26"
"3927","1","3","PT. GONUSA PRIMA DISTRIBUSI (FD/BALI)","2026-04-07","2026-06-06","2026-03-16","GF/000018/LOC/9920/03/2026",,"9920","BALI","50000000",,"2026-03-16","09:54:36","2026-07-20","17:53:22"
"6067","1","3","PT. BALINA AGUNG PERKASA (NESTLE)","2026-07-20","2026-07-20","2026-07-20","GF/000221/LOC/8001/07/2026",,"8001","Jakarta","4000000",,"2026-07-20","09:57:04","2026-07-21","09:44:45"
"5303","1","3","PT. ULTRAJAYA MILK INDUSTRY & TRADING CO","2026-07-01","2026-12-31","2025-12-05","GF/000454/LOC/8001/12/2025",,"8001","Jakarta","60000000",,"2025-12-05","10:49:45","2026-07-21","09:51:23"
"6067","1","3","PT. BALINA AGUNG PERKASA (NESTLE)","2026-07-20","2026-07-20","2026-07-20","GF/000221/LOC/8001/07/2026",,"8001","JAKARTA SELATAN","4000000",,"2026-07-20","09:57:04","2026-07-21","09:44:45"
"195","1","3","PT. INDOMARCO ADI PRIMA","2026-08-01","2027-02-28","2026-07-21","GF/000104/LOC/9902/07/2026",,"9902","Jakarta","52500000",,"2026-07-21","15:19:29","2026-07-21","15:20:17"
"195","1","3","PT. INDOMARCO ADI PRIMA","2026-08-01","2027-02-28","2026-07-21","GF/000223/LOC/8001/07/2026",,"9916","Jakarta","35000000",,"2026-07-21","15:14:10","2026-07-21","15:18:47"
"195","1","3","PT. INDOMARCO ADI PRIMA","2026-08-01","2027-02-28","2026-07-21","GF/000047/LOC/9918/07/2026",,"9918","Jakarta","70000000",,"2026-07-21","15:20:28","2026-07-21","15:21:01"
"195","1","3","PT. INDOMARCO ADI PRIMA","2026-08-01","2027-02-28","2026-07-21","GF/000035/LOC/9919/07/2026",,"9919","Jakarta","70000000",,"2026-07-21","15:21:16","2026-07-21","15:21:45"
"5928","4","3","CV. KARYA TUMBUH BERSAMA","2026-02-26","2026-02-26","2026-02-26","FDF/000010/LOC/8001/02/2026",,"8001","Jakarta","5000000","Support New Item","2026-02-26","10:44:22","2026-07-22","16:17:32"
"5965","4","3","PT. ANEKA BERKAT SEJAHTERA","2026-03-04","2026-03-04","2026-06-19","FMF/000004/LOC/8001/06/2026",,"8001","Jakarta","4000000",,"2026-06-19","18:25:06","2026-07-22","16:13:25"
"5946","1","3","PT. GANDUM INDONESIA BERGIZI","2026-04-23","2026-04-23","2026-04-23","GF/000102/LOC/8001/04/2026",,"8001","Jakarta","4000000",,"2026-04-23","14:33:31","2026-07-22","16:12:04"
"5805","1","3","PT. SARI AGROTAMA PERSADA","2026-08-01","2026-10-31","2026-04-23","GF/000104/LOC/8001/04/2026",,"8001","Jakarta","9000000",,"2026-04-23","15:22:54","2026-07-22","14:18:54"
"2372","1","3","PT. INDO SARIJAYA LESTARI","2026-05-04","2026-05-04","2026-05-04","GF/000114/LOC/8001/05/2026",,"8001","Jakarta","4000000",,"2026-05-04","11:42:58","2026-07-22","14:31:56"
"5991","1","3","PT. UNIRAMA DUTA NIAGA (GREENFIELDS)","2026-05-05","2026-05-05","2026-05-05","GF/000115/LOC/8001/05/2026",,"8001","Jakarta","4000000",,"2026-05-05","10:23:47","2026-07-22","14:30:36"
"164","1","3","PT. INBISCO NIAGATAMA SEMESTA","2026-05-15","2026-05-15","2026-05-15","GF/000127/LOC/8001/05/2026",,"8001","Jakarta","7500000","SUPPORT NEW ITEM","2026-05-15","10:47:22","2026-07-22","14:33:06"
"872","2","3","PT. MUSTIKA RATU BUANA INTERNATIONAL","2026-03-01","2026-07-31","2026-02-21","GNF/000097/LOC/8001/02/2026",,"8001","Jakarta","10000000",,"2026-02-21","14:15:53","2026-07-22","13:17:39"
"1253","2","3","PT. UNILEVER INDONESIA TBK","2026-07-01","2026-09-30","2026-06-12","GNF/000323/LOC/8001/06/2026",,"8001","Jakarta","3750000",,"2026-06-12","17:02:08","2026-07-22","12:19:09"
"1253","2","3","PT. UNILEVER INDONESIA TBK","2026-06-27","2026-09-30","2026-07-07","GNF/000404/LOC/8001/07/2026",,"8001","Jakarta","21000000",,"2026-07-07","18:43:20","2026-07-22","12:28:45"
"5928","4","3","CV. KARYA TUMBUH BERSAMA","2026-02-26","2026-02-26","2026-02-26","FDF/000010/LOC/8001/02/2026",,"8001","JAKARTA SELATAN","5000000","Support New Item","2026-02-26","10:44:22","2026-07-22","16:17:32"
"5965","4","3","PT. ANEKA BERKAT SEJAHTERA","2026-03-04","2026-03-04","2026-06-19","FMF/000004/LOC/8001/06/2026",,"8001","JAKARTA SELATAN","4000000",,"2026-06-19","18:25:06","2026-07-22","16:13:25"
"5946","1","3","PT. GANDUM INDONESIA BERGIZI","2026-04-23","2026-04-23","2026-04-23","GF/000102/LOC/8001/04/2026",,"8001","JAKARTA SELATAN","4000000",,"2026-04-23","14:33:31","2026-07-22","16:12:04"
"5991","1","3","PT. UNIRAMA DUTA NIAGA (GREENFIELDS)","2026-05-05","2026-05-05","2026-05-05","GF/000115/LOC/8001/05/2026",,"8001","JAKARTA SELATAN","4000000",,"2026-05-05","10:23:47","2026-07-22","14:30:36"
"1505","1","3","PT. KORIN HUB","2026-07-01","2026-07-31","2026-04-29","GF/000109/LOC/8001/04/2026",,"8001","Jakarta","7500000",,"2026-04-29","13:55:17","2026-07-23","17:47:43"
"3125","1","3","PT. KEBAYORAN PHARMA","2026-03-17","2026-03-31","2026-03-17","GNF/000181/LOC/8001/03/2026",,"8001","Jakarta","4000000",,"2026-03-17","18:46:38","2026-07-23","15:22:34"
"2249","2","3","PT. TIRTA BUANA INDORAYA","2026-07-23","2026-07-31","2026-07-23","GNF/000423/LOC/8001/07/2026",,"8001","Jakarta","4000000",,"2026-07-23","11:30:52","2026-07-23","11:32:01"
"2249","2","3","PT. TIRTA BUANA INDORAYA","2026-07-23","2026-07-31","2026-07-23","GNF/000423/LOC/8001/07/2026",,"8001","JAKARTA SELATAN","4000000",,"2026-07-23","11:30:52","2026-07-23","11:32:01"
"2174","2","3","PT. BORWITA CITRA PRIMA (P&G/NF/BALI)","2026-08-01","2026-10-31","2026-07-23","GNF/000040/LOC/9901/07/2026",,"9901","Bali","1500000",,"2026-07-23","15:03:07","2026-07-23","15:03:46"
"475","1","3","PT. SUMBER TIRTA SENTOSA","2026-02-04","2027-02-03","2026-07-17","GF/000103/LOC/9902/07/2026",,"9902","Jakarta","90000000","RVS NO LOC GF/000047/LOC/9902/05/2026","2026-07-17","10:58:45","2026-07-23","17:09:01"
"164","1","3","PT. INBISCO NIAGATAMA SEMESTA","2026-01-01","2026-12-31","2026-07-23","GF/000106/LOC/9902/07/2026",,"9902","Jakarta","75000000","RVS NO LOC GF/000127/LOC/9902/11/2025","2026-07-23","17:20:38","2026-07-23","17:21:42"
"262","1","3","PT. NIRWANA LESTARI","2026-04-01","2026-06-30","2026-07-23","GF/000107/LOC/9902/07/2026",,"9902","Jakarta","12000000",,"2026-07-23","17:36:20","2026-07-23","17:37:30"
"262","1","3","PT. NIRWANA LESTARI","2026-07-01","2026-09-30","2026-07-23","GF/000108/LOC/9902/07/2026",,"9902","Jakarta","12000000",,"2026-07-23","17:38:01","2026-07-23","17:38:48"
"5197","1","3","PT. BALINA AGUNG PERKASA (DAESANG)","2026-04-01","2026-06-30","2026-07-23","GF/000109/LOC/9902/07/2026",,"9902","Jakarta","26250000","RVS LOC NO GF/000052/LOC/9902/05/2026","2026-07-23","17:46:42","2026-07-23","17:48:46"
"5197","1","3","PT. BALINA AGUNG PERKASA (DAESANG)","2026-04-01","2026-06-30","2026-07-23","GF/000110/LOC/9902/07/2026",,"9902","Jakarta","26250000","RVS LOC NO GF/000053/LOC/9902/05/2026","2026-07-23","17:49:10","2026-07-23","17:50:24"
"5197","1","3","PT. BALINA AGUNG PERKASA (DAESANG)","2026-04-01","2026-06-30","2026-07-23","GF/000111/LOC/9902/07/2026",,"9902","Jakarta","26250000","RVS NO LOC GF/000048/LOC/9902/05/2026","2026-07-23","17:50:39","2026-07-23","17:51:54"
"964","2","3","PT. BAHTERA CIPTA RAGA PRIMA","2026-08-01","2026-10-31","2026-07-23","GNF/000115/LOC/9902/07/2026",,"9902","Jakarta","3000000",,"2026-07-23","15:27:53","2026-07-23","15:29:08"
"262","1","3","PT. NIRWANA LESTARI","2026-04-01","2026-06-30","2026-07-23","GF/000112/LOC/9903/07/2026",,"9903","Jakarta","15000000",,"2026-07-23","15:53:54","2026-07-23","18:13:40"
"262","1","3","PT. NIRWANA LESTARI","2026-05-01","2026-12-31","2026-07-23","GF/000113/LOC/9903/07/2026",,"9903","Jakarta","9000000",,"2026-07-23","15:56:25","2026-07-23","15:57:18"
"262","1","3","PT. NIRWANA LESTARI","2026-05-01","2026-12-31","2026-07-23","GF/000100/LOC/9908/07/2026",,"9908","Jakarta","9000000",,"2026-07-23","15:51:00","2026-07-23","15:53:24"
"262","1","3","PT. NIRWANA LESTARI","2026-04-28","2026-05-27","2026-07-23","GF/000101/LOC/9908/07/2026",,"9908","Jakarta","4000000",,"2026-07-23","18:45:12","2026-07-23","18:52:10"
"262","1","3","PT. NIRWANA LESTARI","2026-03-01","2026-05-31","2026-07-23","GF/000102/LOC/9908/07/2026",,"9908","Jakarta","15000000",,"2026-07-23","18:55:07","2026-07-23","18:55:57"
"262","1","3","PT. NIRWANA LESTARI","2026-06-01","2026-08-31","2026-07-23","GF/000103/LOC/9908/07/2026",,"9908","Jakarta","15000000",,"2026-07-23","18:56:59","2026-07-23","18:57:42"
"262","1","3","PT. NIRWANA LESTARI","2026-06-01","2026-08-31","2026-07-23","GF/000049/LOC/9918/07/2026",,"9918","Jakarta","30000000",,"2026-07-23","16:42:46","2026-07-23","16:44:00"
"262","1","3","PT. NIRWANA LESTARI","2026-02-01","2026-04-30","2026-07-23","GF/000050/LOC/9918/07/2026",,"9918","Jakarta","15000000",,"2026-07-23","18:30:58","2026-07-23","18:31:45"
"164","1","3","PT. INBISCO NIAGATAMA SEMESTA","2025-12-16","2026-12-15","2025-12-16","GF/000078/LOC/9916/12/2025",,"9918","Jakarta","100000000","RVS NO LOC GF/000018/LOC/9918/04/2026","2025-12-16","18:44:58","2026-07-23","16:19:47"
"262","1","3","PT. NIRWANA LESTARI","2026-05-01","2026-07-31","2026-07-23","GF/000036/LOC/9919/07/2026",,"9919","Jakarta","15000000",,"2026-07-23","18:28:49","2026-07-23","18:29:33"
"262","1","3","PT. NIRWANA LESTARI","2026-02-01","2026-04-30","2026-07-23","GF/000037/LOC/9919/07/2026",,"9919","Jakarta","15000000",,"2026-07-23","18:36:15","2026-07-23","18:36:53"
"964","2","3","PT. BAHTERA CIPTA RAGA PRIMA","2026-07-24","2027-07-23","2026-07-16","GNF/000157/LOC/9919/07/2026",,"9919","Jakarta","12000000",,"2026-07-16","12:42:51","2026-07-23","15:23:28"
"2174","2","3","PT. BORWITA CITRA PRIMA (P&G/NF/BALI)","2026-08-01","2026-09-30","2026-07-23","GNF/000104/LOC/9920/07/2026",,"9920","Bali","5000000",,"2026-07-23","14:55:55","2026-07-23","14:58:47"
"2174","2","3","PT. BORWITA CITRA PRIMA (P&G/NF/BALI)","2026-08-01","2026-10-31","2026-07-23","GNF/000105/LOC/9920/07/2026",,"9920","Bali","1500000",,"2026-07-23","14:59:52","2026-07-23","15:01:21"
"2909","4","3","PT. SEKAR BUMI TBK","2026-07-24","2026-07-24","2026-07-24","FDF/000043/LOC/8001/07/2026",,"8001","Jakarta","4000000",,"2026-07-24","11:01:59","2026-07-24","11:03:15"
"4709","4","3","PT. SEWU SEGAR NUSANTARA(DF)","2026-07-24","2026-07-24","2026-07-24","FDF/000044/LOC/8001/07/2026",,"8001","Jakarta","10000000",,"2026-07-24","18:10:03","2026-07-24","18:11:46"
"1505","1","3","PT. KORIN HUB","2026-08-01","2026-08-31","2026-07-24","GF/000226/LOC/8001/07/2026",,"8001","Jakarta","10000000",,"2026-07-24","12:32:05","2026-07-24","12:33:32"
"1505","1","3","PT. KORIN HUB","2026-09-01","2026-09-30","2026-07-24","GF/000227/LOC/8001/07/2026",,"8001","Jakarta","10000000",,"2026-07-24","12:33:58","2026-07-24","12:35:33"
"1505","1","3","PT. KORIN HUB","2026-10-01","2026-10-31","2026-07-24","GF/000228/LOC/8001/07/2026",,"8001","Jakarta","10000000",,"2026-07-24","12:36:38","2026-07-24","12:38:08"
"1505","1","3","PT. KORIN HUB","2026-11-01","2026-11-30","2026-07-24","GF/000229/LOC/8001/07/2026",,"8001","Jakarta","10000000",,"2026-07-24","12:38:45","2026-07-24","12:49:36"
"4163","1","3","PT. HANWA INDONESIA","2026-07-24","2026-07-24","2026-07-24","GF/000230/LOC/8001/07/2026",,"8001","Jakarta","5000000",,"2026-07-24","13:01:57","2026-07-24","13:24:45"
"1505","1","3","PT. KORIN HUB","2026-12-01","2026-12-31","2026-07-24","GF/000231/LOC/8001/07/2026",,"8001","Jakarta","10000000",,"2026-07-24","13:02:39","2026-07-24","13:04:38"
"1702","1","3","PT. DUTA SERPACK INTI","2026-05-01","2026-08-31","2026-05-12","GF/000060/LOC/9902/05/2026",,"9902","Jakarta","22500000",,"2026-05-12","10:35:58","2026-07-24","11:26:23"
"1505","1","3","PT. KORIN HUB","2026-08-01","2026-08-31","2026-06-08","GF/000087/LOC/9902/06/2026",,"9902","Jakarta","7500000",,"2026-06-08","12:29:18","2026-07-24","14:12:56"
"1702","1","3","PT. DUTA SERPACK INTI","2026-05-01","2026-08-31","2026-05-12","GF/000060/LOC/9902/05/2026",,"9902","DKI JAKARTA","22500000",,"2026-05-12","10:35:58","2026-07-24","11:26:23"
"1505","1","3","PT. KORIN HUB","2026-12-01","2026-12-31","2026-07-09","GF/000106/LOC/9903/07/2026",,"9903","Jakarta","10000000",,"2026-07-09","12:15:57","2026-07-24","13:07:25"
"4044","1","3","PT. SARI MELATI SEJAHTERA","2026-08-01","2026-10-31","2026-07-24","GF/000114/LOC/9903/07/2026",,"9903","Jakarta","9000000",,"2026-07-24","13:22:58","2026-07-24","13:25:26"
"5197","1","3","PT. BALINA AGUNG PERKASA (DAESANG)","2026-04-01","2026-06-30","2026-07-20","GF/000099/LOC/9908/07/2026",,"9908","Jakarta","30000000",,"2026-07-20","12:32:54","2026-07-24","11:37:06"
"4044","1","3","PT. SARI MELATI SEJAHTERA","2026-08-01","2026-10-31","2026-07-24","GF/000104/LOC/9908/07/2026",,"9908","Jakarta","9000000",,"2026-07-24","13:19:26","2026-07-24","13:21:01"
"2824","1","3","PT. OTSUKA DISTRIBUTION INDONESIA","2026-05-01","2026-06-30","2026-07-23","GF/000048/LOC/9918/07/2026",,"9918","Jakarta","10000000","RVS LOC GF/000019/LOC/9918/04/2026","2026-07-23","16:32:08","2026-07-24","11:18:24"
"104","4","3","PT. ELODA MITRA(DF)","2026-07-24","2027-07-23","2026-07-24","FDF/000009/LOC/9919/07/2026",,"9919","Jakarta","50000000",,"2026-07-24","15:51:49","2026-07-24","15:55:34"
"121","1","3","PT. ESHAM DIMA MANDIRI","2026-07-25","2026-07-25","2026-07-25","GF/000232/LOC/8001/07/2026",,"8001","Jakarta","5000000","SUPPORT NEW ITEM","2026-07-25","09:00:32","2026-07-25","09:02:24"
"121","1","3","PT. ESHAM DIMA MANDIRI","2026-07-25","2026-07-25","2026-07-25","GF/000232/LOC/8001/07/2026",,"8001","JAKARTA SELATAN","5000000","SUPPORT NEW ITEM","2026-07-25","09:00:32","2026-07-25","09:02:24"
"1497","4","3","PT. CENTRAL PERTIWI BAHARI","2026-07-27","2026-07-27","2026-07-27","FDF/000046/LOC/8001/07/2026",,"8001","Jakarta","10000000",,"2026-07-27","16:33:43","2026-07-27","16:35:07"
"255","1","3","PT. MARGA NUSANTARA JAYA","2026-07-15","2026-07-15","2026-07-15","GF/000205/LOC/8001/07/2026",,"8001","Jakarta","20000000","SUPPORT NEW ITEM","2026-07-15","10:34:18","2026-07-27","18:10:57"
"229","2","3","PT. LARIS CHANDRA","2026-07-23","2026-07-31","2026-07-23","GNF/000424/LOC/8001/07/2026",,"8001","Jakarta","4000000",,"2026-07-23","18:14:58","2026-07-27","09:12:15"
"5522","2","3","PT. ERA VENTURA INDONESIA","2026-07-14","2026-07-27","2026-07-27","GNF/000425/LOC/8001/07/2026",,"8001","Jakarta","5000000","DIANE, MARO, SKINJUVE & BATISTE","2026-07-27","10:49:19","2026-07-27","10:51:25"
"5718","2","3","PT. PANTI KOSMETIKA BARU","2026-07-27","2026-07-31","2026-07-27","GNF/000426/LOC/8001/07/2026",,"8001","Jakarta","10000000",,"2026-07-27","17:33:54","2026-07-27","17:36:03"
"1497","4","3","PT. CENTRAL PERTIWI BAHARI","2026-07-27","2026-07-27","2026-07-27","FDF/000046/LOC/8001/07/2026",,"8001","JAKARTA SELATAN","10000000",,"2026-07-27","16:33:43","2026-07-27","16:35:07"
"255","1","3","PT. MARGA NUSANTARA JAYA","2026-07-15","2026-07-15","2026-07-15","GF/000205/LOC/8001/07/2026",,"8001","JAKARTA SELATAN","20000000","SUPPORT NEW ITEM","2026-07-15","10:34:18","2026-07-27","18:10:57"
"5718","2","3","PT. PANTI KOSMETIKA BARU","2026-07-27","2026-07-31","2026-07-27","GNF/000426/LOC/8001/07/2026",,"8001","JAKARTA SELATAN","10000000",,"2026-07-27","17:33:54","2026-07-27","17:36:03"
"5522","2","3","PT. ERA VENTURA INDONESIA","2026-07-14","2026-07-27","2026-07-27","GNF/000425/LOC/8001/07/2026",,"8001","JAKARTA SELATAN","5000000","DIANE, MARO, SKINJUVE & BATISTE","2026-07-27","10:49:19","2026-07-27","10:51:25"
"229","2","3","PT. LARIS CHANDRA","2026-07-23","2026-07-31","2026-07-23","GNF/000424/LOC/8001/07/2026",,"8001","JAKARTA SELATAN","4000000",,"2026-07-23","18:14:58","2026-07-27","09:12:15"
"272","1","3","PT. NUTRIFOOD INDONESIA","2026-07-25","2026-10-24","2026-07-27","GF/000105/LOC/9908/07/2026",,"9908","Jakarta","15000000",,"2026-07-27","10:00:38","2026-07-27","10:02:28"
"4261","1","3","PT. TIGARAKSA SATRIA TBK (JKT)","2026-08-01","2027-07-31","2026-07-27","GF/000107/LOC/9908/07/2026",,"9908","Jakarta","120000000",,"2026-07-27","17:20:30","2026-07-27","17:21:41"
"2042","2","3","PT. SIWA CITRA UTAMA (KAO/BALI)","2026-08-15","2027-08-14","2026-07-27","GNF/000045/LOC/9912/07/2026",,"9912","Bali","24000000",,"2026-07-27","15:31:33","2026-07-27","15:32:24"
"3528","2","3","PT. BORWITA CITRA PRIMA (HARPIC/BALI)","2026-08-01","2026-10-31","2026-07-27","GNF/000046/LOC/9912/07/2026",,"9912","Bali","9000000",,"2026-07-27","15:32:35","2026-07-27","15:34:52"
"1922","2","3","PT. DELTA SATRIA DEWATA (J&J/BALI)","2026-08-01","2026-10-31","2026-07-27","GNF/000047/LOC/9912/07/2026",,"9912","Bali","9000000",,"2026-07-27","15:35:23","2026-07-27","15:36:15"
"4435","2","3","PT. CATUR SENTOSA ANUGERAH (HIT)","2026-06-17","2026-09-16","2026-06-11","GNF/000052/LOC/9916/06/2026",,"9916","Jakarta","7500000",,"2026-06-11","11:46:28","2026-07-27","14:52:51"
"2042","2","3","PT. SIWA CITRA UTAMA (KAO/BALI)","2026-08-15","2027-08-14","2026-07-27","GNF/000059/LOC/9916/07/2026",,"9916","Jakarta","24000000",,"2026-07-27","15:26:35","2026-07-27","15:31:23"
"589","4","3","PT. MULIA RAYA AGRIJAYA(DF)","2026-06-01","2027-05-31","2026-07-27","FDF/000010/LOC/9919/07/2026",,"9919","Jakarta","60000000","SALAH TOKO NO BELUM DIPAKE","2026-07-27","10:33:29","2026-07-27","10:47:09"
"2824","1","3","PT. OTSUKA DISTRIBUTION INDONESIA","2026-08-01","2026-09-30","2026-07-27","GF/000106/LOC/9908/07/2026",,"9919","Jakarta","5000000",,"2026-07-27","10:06:30","2026-07-27","10:36:36"
"3136","2","3","PT. SINERGI MULTI DISTRINDO (PIGEON)","2026-07-24","2027-07-23","2026-07-16","GNF/000117/LOC/9919/07/2026",,"9919","Jakarta","30000000",,"2026-07-16","10:08:03","2026-07-27","09:41:51"
"289","2","3","PT. PANCA TALENTA MAS","2026-07-24","2027-07-23","2026-07-16","GNF/000132/LOC/9919/07/2026",,"9919","Jakarta","40000000",,"2026-07-16","11:28:45","2026-07-27","09:37:28"
"3763","2","3","PT. CATUR SENTOSA ANUGERAH (PASEO)","2026-07-24","2027-04-23","2026-07-16","GNF/000141/LOC/9919/07/2026",,"9919","Jakarta","45000000",,"2026-07-16","12:11:02","2026-07-27","10:15:54"
"3763","2","3","PT. CATUR SENTOSA ANUGERAH (PASEO)","2026-07-24","2027-04-23","2026-07-16","GNF/000142/LOC/9919/07/2026",,"9919","Jakarta","45000000",,"2026-07-16","12:13:38","2026-07-27","10:18:43"
"3334","2","3","PT. NIRMALA PANGAN SEJAHTERA","2026-07-24","2027-07-23","2026-07-16","GNF/000155/LOC/9919/07/2026",,"9919","Jakarta","50000000",,"2026-07-16","12:38:00","2026-07-27","14:48:06"
"2042","2","3","PT. SIWA CITRA UTAMA (KAO/BALI)","2026-08-15","2027-08-14","2026-07-27","GNF/000174/LOC/9919/07/2026",,"9919","Jakarta","24000000",,"2026-07-27","15:24:29","2026-07-27","15:25:24"
"2042","2","3","PT. SIWA CITRA UTAMA (KAO/BALI)","2026-08-15","2027-08-14","2026-07-27","GNF/000174/LOC/9919/07/2026",,"9919","TANGERANG","24000000",,"2026-07-27","15:24:29","2026-07-27","15:25:24"
"5155","1","3","PT. SOEJASCH BALI","2026-07-15","2026-07-15","2026-07-15","GF/000204/LOC/8001/07/2026",,"8001","Jakarta","10000000","SUPPORT NEW ITEM","2026-07-15","10:00:02","2026-07-28","15:34:54"
"295","1","3","PT. PANDURASA KHARISMA","2026-09-15","2026-12-15","2026-07-28","GF/000233/LOC/8001/07/2026",,"8001","Jakarta","15000000",,"2026-07-28","11:21:04","2026-07-28","11:22:07"
"295","1","3","PT. PANDURASA KHARISMA","2026-09-01","2027-08-31","2026-07-28","GF/000234/LOC/8001/07/2026",,"8001","Jakarta","50000000",,"2026-07-28","11:27:33","2026-07-28","11:28:48"
"295","1","3","PT. PANDURASA KHARISMA","2025-11-01","2026-10-31","2025-12-18","GF/000464/LOC/8001/12/2025",,"8001","Jakarta","75000000",,"2025-12-18","18:43:03","2026-07-28","11:25:22"
"4926","2","3","PT. CATUR SENTOSA ANUGERAH (SKINTIFC)","2026-07-28","2026-07-31","2026-07-28","GNF/000427/LOC/8001/07/2026",,"8001","Jakarta","3000000",,"2026-07-28","16:04:52","2026-07-28","16:06:32"
"2662","2","3","PT. CATUR SENTOSA ANUGERAH (J&J)","2026-07-28","2026-07-31","2026-07-28","GNF/000428/LOC/8001/07/2026",,"8001","Jakarta","1000000",,"2026-07-28","16:20:49","2026-07-28","17:35:23"
"3355","2","3","PT. ENSEVAL PUTERA MEGATRADING(KLB/BLCK)","2026-07-28","2026-07-31","2026-07-28","GNF/000429/LOC/8001/07/2026",,"8001","Jakarta","1000000",,"2026-07-28","16:33:39","2026-07-28","16:36:01"
"5155","1","3","PT. SOEJASCH BALI","2026-07-15","2026-07-15","2026-07-15","GF/000204/LOC/8001/07/2026",,"8001","JAKARTA SELATAN","10000000","SUPPORT NEW ITEM","2026-07-15","10:00:02","2026-07-28","15:34:54"
"3137","1","3","PT. PANGAN LESTARI (KEWPIE)","2026-01-01","2026-12-31","2026-07-28","GF/000019/LOC/8002/07/2026",,"8002","Jakarta","60000000",,"2026-07-28","17:37:26","2026-07-28","17:38:27"
"295","1","3","PT. PANDURASA KHARISMA","2026-01-01","2026-12-31","2026-04-13","GF/000041/LOC/9902/04/2026",,"9902","Jakarta","75000000",,"2026-04-13","11:07:02","2026-07-28","11:18:37"
"295","1","3","PT. PANDURASA KHARISMA","2026-01-01","2026-12-31","2026-05-20","GF/000074/LOC/9902/05/2026",,"9902","Jakarta","75000000",,"2026-05-20","14:11:54","2026-07-28","11:10:24"
"1253","2","3","PT. UNILEVER INDONESIA TBK","2026-07-01","2026-09-30","2026-06-17","GNF/000102/LOC/9902/06/2026",,"9902","Jakarta","15000000",,"2026-06-17","16:06:16","2026-07-28","10:02:53"
"4687","2","3","PT. GRAHA BUMI HIJAU","2026-07-01","2026-09-30","2026-06-17","GNF/000106/LOC/9902/06/2026",,"9902","Jakarta","21000000",,"2026-06-17","16:19:27","2026-07-28","10:44:49"
"1704","1","3","PT. MALINDO SUKSES","2026-08-01","2026-12-31","2026-07-28","GF/000115/LOC/9903/07/2026",,"9903","Jakarta","50000000",,"2026-07-28","10:56:17","2026-07-28","10:57:06"
"295","1","3","PT. PANDURASA KHARISMA","2026-07-16","2027-07-15","2026-07-28","GF/000116/LOC/9903/07/2026",,"9903","Jakarta","75000000",,"2026-07-28","11:14:45","2026-07-28","11:15:29"
"295","1","3","PT. PANDURASA KHARISMA","2026-08-01","2027-07-31","2026-07-28","GF/000039/LOC/9919/07/2026",,"9919","Jakarta","120000000",,"2026-07-28","11:16:19","2026-07-28","11:17:10"
"6052","1","3","PT. AKUSARA ADHIDRAWA RASA","2026-07-06","2026-07-06","2026-07-06","GF/000159/LOC/8001/07/2026",,"8001","Jakarta","4000000","PERUBAHAN VENDOR","2026-07-06","11:19:40","2026-07-29","11:25:26"
"6052","1","3","PT. AKUSARA ADHIDRAWA RASA","2026-07-06","2026-07-06","2026-07-06","GF/000159/LOC/8001/07/2026",,"8001","JAKARTA SELATAN","4000000","PERUBAHAN VENDOR","2026-07-06","11:19:40","2026-07-29","11:25:26"
"4677","1","3","PT. UNIRAMA DUTA NIAGA (PRISTINE/FD)","2026-07-01","2026-09-30","2026-07-29","GF/000020/LOC/8002/07/2026",,"8002","Jakarta","30000000",,"2026-07-29","09:44:27","2026-07-29","09:45:18"
"841","2","3","PT. ANTARMITRA SEMBADA","2026-09-01","2026-12-31","2026-07-28","GNF/000030/LOC/8002/07/2026",,"8002","Jakarta","16000000",,"2026-07-28","18:10:03","2026-07-29","11:14:52"
"4896","1","3","PT. BATAVIA JAYA MANDIRI","2026-08-01","2026-12-31","2026-07-29","GF/000112/LOC/9902/07/2026",,"9902","Jakarta","37500000",,"2026-07-29","10:56:22","2026-07-29","10:57:27"
"3829","2","3","PT. MEGARIAMAS SENTOSA","2026-07-01","2026-12-31","2026-06-17","GNF/000094/LOC/9902/06/2026",,"9902","Jakarta","18000000",,"2026-06-17","15:24:41","2026-07-29","10:22:43"
"2490","1","3","PT. TIGARAKSA SATRIA TBK (YOKE/FD)","2026-08-01","2026-08-31","2026-07-29","GF/000117/LOC/9903/07/2026",,"9903","Jakarta","10000000",,"2026-07-29","10:13:16","2026-07-29","10:15:45"
"2618","1","3","PT. ANUGRAH INDO MANDIRI","2026-06-01","2026-08-31","2026-07-29","GF/000118/LOC/9903/07/2026",,"9903","Jakarta","30000000",,"2026-07-29","11:11:46","2026-07-29","11:12:33"
"841","2","3","PT. ANTARMITRA SEMBADA","2026-09-01","2026-12-31","2026-07-28","GNF/000109/LOC/9903/07/2026",,"9903","Jakarta","16000000",,"2026-07-28","18:16:08","2026-07-29","11:20:26"
"2490","1","3","PT. TIGARAKSA SATRIA TBK (YOKE/FD)","2026-08-01","2026-08-31","2026-07-29","GF/000117/LOC/9903/07/2026",,"9903","DKI JAKARTA","10000000",,"2026-07-29","10:13:16","2026-07-29","10:15:45"
"2490","1","3","PT. TIGARAKSA SATRIA TBK (YOKE/FD)","2026-08-01","2026-08-31","2026-07-29","GF/000108/LOC/9908/07/2026",,"9908","Jakarta","10000000",,"2026-07-29","10:16:00","2026-07-29","10:17:27"
"2490","1","3","PT. TIGARAKSA SATRIA TBK (YOKE/FD)","2026-08-01","2026-08-31","2026-07-29","GF/000109/LOC/9908/07/2026",,"9908","Jakarta","10000000",,"2026-07-29","10:42:20","2026-07-29","10:43:06"
"3829","2","3","PT. MEGARIAMAS SENTOSA","2026-07-01","2026-12-31","2026-06-15","GNF/000110/LOC/9908/06/2026",,"9908","Jakarta","15000000",,"2026-06-15","15:48:14","2026-07-29","15:40:57"
"3829","2","3","PT. MEGARIAMAS SENTOSA","2026-07-01","2026-12-31","2026-06-15","GNF/000110/LOC/9908/06/2026",,"9908","TANGERANG, BANTEN","15000000",,"2026-06-15","15:48:14","2026-07-29","15:40:57"
"2085","1","3","PT. MASUYA GRAHA TRIKENCANA (BALI)","2026-08-14","2026-08-16","2026-07-29","FDF/000006/LOC/9912/07/2026",,"9912","Bali","500000",,"2026-07-29","11:25:47","2026-07-29","11:38:15"
"2085","1","3","PT. MASUYA GRAHA TRIKENCANA (BALI)","2026-08-14","2026-08-16","2026-07-29","FDF/000007/LOC/9912/07/2026",,"9912","Bali","500000",,"2026-07-29","12:48:34","2026-07-29","13:03:22"
"2085","1","3","PT. MASUYA GRAHA TRIKENCANA (BALI)","2026-08-14","2026-08-16","2026-07-29","FDF/000007/LOC/9912/07/2026",,"9912","BALI","500000",,"2026-07-29","12:48:34","2026-07-29","13:03:22"
"1253","2","3","PT. UNILEVER INDONESIA TBK","2026-07-01","2026-09-30","2026-06-09","GNF/000048/LOC/9916/06/2026",,"9916","Jakarta","6000000",,"2026-06-09","14:12:31","2026-07-29","17:33:34"
"5358","2","3","PT. MORNING GLORY STATIONERY INDONESIA","2026-06-17","2026-06-28","2026-06-12","GNF/000051/LOC/9918/06/2026",,"9918","Jakarta","2000000",,"2026-06-12","16:25:40","2026-07-29","16:51:43"
"5310","2","3","PT. MOELL INDONESIA SUKSES","2026-06-12","2026-12-11","2026-06-15","GNF/000054/LOC/9918/06/2026",,"9918","Jakarta","10000000",,"2026-06-15","13:29:42","2026-07-29","16:43:42"
"1253","2","3","PT. UNILEVER INDONESIA TBK","2026-07-01","2026-09-30","2026-06-15","GNF/000057/LOC/9918/06/2026",,"9918","Jakarta","6000000",,"2026-06-15","13:33:37","2026-07-29","16:46:25"
"841","2","3","PT. ANTARMITRA SEMBADA","2026-09-01","2026-12-31","2026-07-28","GNF/000078/LOC/9918/07/2026",,"9918","Jakarta","16000000",,"2026-07-28","16:20:28","2026-07-29","11:12:14"
"380","1","3","PT. TEMPO","2026-07-24","2026-12-23","2026-07-29","GF/000040/LOC/9919/07/2026",,"9919","Jakarta","50000000",,"2026-07-29","10:43:54","2026-07-29","10:49:24"
"101","1","3","PT. COCA COLA DISTRIBUTION INDONESIA","2026-08-01","2026-12-31","2026-07-29","GF/000041/LOC/9919/07/2026",,"9919","Jakarta","25000000",,"2026-07-29","11:30:41","2026-07-29","11:35:45"
"4045","1","3","PT. ENSEVAL PUTERA MEGATRADING (LM)","2026-08-01","2026-12-31","2026-07-29","GF/000042/LOC/9919/07/2026",,"9919","Jakarta","50000000",,"2026-07-29","14:27:00","2026-07-29","14:27:54"
"2456","4","3","PT. PRAMBANAN KENCANA (DF)","2026-07-01","2026-12-31","2026-06-25","FDF/000035/LOC/8001/06/2026",,"8001","Jakarta","21000000",,"2026-06-25","19:21:18","2026-07-30","10:36:55"
"3818","1","3","PT. GONUSA PRIMA DISTRIBUSI","2026-08-15","2026-11-15","2026-07-30","GF/000235/LOC/8001/07/2026",,"8001","Jakarta","15000000",,"2026-07-30","15:14:55","2026-07-30","15:28:34"
"3135","2","3","PT. ANUGERAH PHARMINDO LESTARI (CTP/JKT)","2026-07-01","2026-12-31","2026-07-30","GNF/000431/LOC/8001/07/2026",,"8001","Jakarta","6762262",,"2026-07-30","18:21:13","2026-07-30","18:25:56"
"3818","1","3","PT. GONUSA PRIMA DISTRIBUSI","2026-08-15","2026-11-15","2026-07-30","GF/000235/LOC/8001/07/2026",,"8001","JAKARTA SELATAN","15000000",,"2026-07-30","15:14:55","2026-07-30","15:28:34"
"509","4","3","PT. SUKANDA DJAYA(DF)","2026-08-01","2027-10-31","2026-04-24","FDF/000014/LOC/9902/04/2026",,"9902","Jakarta","37000000",,"2026-04-24","15:37:42","2026-07-30","12:39:50"
"509","4","3","PT. SUKANDA DJAYA(DF)","2026-09-01","2026-11-30","2026-07-30","FDF/000020/LOC/9902/07/2026",,"9902","Jakarta","22500000",,"2026-07-30","16:22:23","2026-07-30","16:31:24"
"2456","4","3","PT. PRAMBANAN KENCANA (DF)","2026-07-01","2026-12-31","2026-06-25","FDF/000011/LOC/9903/06/2026",,"9903","Jakarta","15000000",,"2026-06-25","19:19:35","2026-07-30","09:38:05"
"509","4","3","PT. SUKANDA DJAYA(DF)","2026-09-01","2026-11-30","2026-07-30","FDF/000014/LOC/9903/07/2026",,"9903","Jakarta","30000000",,"2026-07-30","16:29:44","2026-07-30","16:32:08"
"932","1","3","PT. LSHR JAKARTA","2026-07-22","2027-07-21","2026-07-30","GF/000119/LOC/9903/07/2026",,"9903","Jakarta","60000000",,"2026-07-30","09:15:34","2026-07-30","09:41:38"
"3818","1","3","PT. GONUSA PRIMA DISTRIBUSI","2026-08-15","2026-11-15","2026-07-30","GF/000120/LOC/9903/07/2026",,"9903","Jakarta","15000000",,"2026-07-30","15:17:31","2026-07-30","15:24:20"
"932","1","3","PT. LSHR JAKARTA","2026-07-22","2027-07-21","2026-07-30","GF/000119/LOC/9903/07/2026",,"9903","DKI JAKARTA","60000000",,"2026-07-30","09:15:34","2026-07-30","09:41:38"
"509","4","3","PT. SUKANDA DJAYA(DF)","2026-09-01","2026-11-30","2026-07-30","FDF/000022/LOC/9908/07/2026",,"9908","Jakarta","30000000",,"2026-07-30","16:33:03","2026-07-30","16:34:18"
"1918","2","3","PT. TIGARAKSA SATRIA TBK (PEDIGREE/BALI)","2026-09-01","2026-12-31","2026-07-23","GNF/000042/LOC/9912/07/2026",,"9912","Bali","13200000",,"2026-07-23","14:51:33","2026-07-30","15:49:43"
"2174","2","3","PT. BORWITA CITRA PRIMA (P&G/NF/BALI)","2026-07-01","2026-09-30","2026-07-29","GNF/000049/LOC/9912/07/2026",,"9912","Bali","7000000",,"2026-07-29","08:55:47","2026-07-30","10:43:59"
"1918","2","3","PT. TIGARAKSA SATRIA TBK (PEDIGREE/BALI)","2026-09-01","2026-12-31","2026-07-23","GNF/000042/LOC/9912/07/2026",,"9912","BALI","13200000",,"2026-07-23","14:51:33","2026-07-30","15:49:43"
"2456","4","3","PT. PRAMBANAN KENCANA (DF)","2026-07-01","2026-12-31","2026-06-25","FDF/000006/LOC/9918/06/2026",,"9918","Jakarta","15000000",,"2026-06-25","19:25:19","2026-07-30","10:33:24"
"3818","1","3","PT. GONUSA PRIMA DISTRIBUSI","2026-08-15","2026-11-15","2026-07-30","GF/000043/LOC/9919/07/2026",,"9919","Jakarta","15000000",,"2026-07-30","15:16:48","2026-07-30","15:25:17"
"6061","4","3","MAYONA KOESOEMO","2026-07-09","2026-07-09","2026-07-09","FDF/000037/LOC/8001/07/2026",,"8001","Jakarta","4000000",,"2026-07-09","10:31:34","2026-07-31","13:02:22"
"4135","4","3","PT. HARSA MITRA PERDANA","2026-07-27","2026-07-27","2026-07-27","FDF/000045/LOC/8001/07/2026",,"8001","Jakarta","20000000",,"2026-07-27","16:28:47","2026-07-31","13:03:23"
"4896","1","3","PT. BATAVIA JAYA MANDIRI","2026-07-15","2026-07-15","2026-07-15","GF/000210/LOC/8001/07/2026",,"8001","Jakarta","7500000","SUPPORT NEW ITEM","2026-07-15","16:52:58","2026-07-31","10:03:57"
"120","1","3","PT. ESHAM DIMA MANDIRI","2026-08-01","2026-12-31","2026-07-31","GF/000236/LOC/8001/07/2026",,"8001","Jakarta","50000000",,"2026-07-31","09:05:40","2026-07-31","09:06:38"
"5911","2","3","PT. CENTRAL DISTRIBUSI UNGGUL (BALI)","2026-02-11","2026-02-28","2026-02-11","GNF/000086/LOC/8001/02/2026",,"8001","Jakarta","2000000",,"2026-02-11","11:04:12","2026-07-31","13:00:29"
"120","1","3","PT. ESHAM DIMA MANDIRI","2026-08-01","2026-12-31","2026-07-31","GF/000236/LOC/8001/07/2026",,"8001","JAKARTA SELATAN","50000000",,"2026-07-31","09:05:40","2026-07-31","09:06:38"
"6061","4","3","MAYONA KOESOEMO","2026-07-09","2026-07-09","2026-07-09","FDF/000037/LOC/8001/07/2026",,"8001","JAKARTA SELATAN","4000000",,"2026-07-09","10:31:34","2026-07-31","13:02:22"
"4135","4","3","PT. HARSA MITRA PERDANA","2026-07-27","2026-07-27","2026-07-27","FDF/000045/LOC/8001/07/2026",,"8001","JAKARTA SELATAN","20000000",,"2026-07-27","16:28:47","2026-07-31","13:03:23"
"4896","1","3","PT. BATAVIA JAYA MANDIRI","2026-07-15","2026-07-15","2026-07-15","GF/000210/LOC/8001/07/2026",,"8001","JAKARTA SELATAN","7500000","SUPPORT NEW ITEM","2026-07-15","16:52:58","2026-07-31","10:03:57"
"5911","2","3","PT. CENTRAL DISTRIBUSI UNGGUL (BALI)","2026-02-11","2026-02-28","2026-02-11","GNF/000086/LOC/8001/02/2026",,"8001","JAKARTA SELATAN","2000000",,"2026-02-11","11:04:12","2026-07-31","13:00:29"
"1550","1","3","PT. ENSEVAL PUTERA MEGATRADING(KLB/SCBD)","2026-07-01","2026-12-31","2026-07-08","GF/000018/LOC/8002/07/2026",,"8002","Jakarta","15000000",,"2026-07-08","14:54:44","2026-07-31","10:13:16"
"1550","1","3","PT. ENSEVAL PUTERA MEGATRADING(KLB/SCBD)","2026-07-01","2026-09-30","2026-07-31","GF/000114/LOC/9902/07/2026",,"9902","Jakarta","22500000",,"2026-07-31","09:21:15","2026-07-31","09:28:02"
"1550","1","3","PT. ENSEVAL PUTERA MEGATRADING(KLB/SCBD)","2026-07-01","2026-09-30","2026-07-31","GF/000121/LOC/9903/07/2026",,"9903","Jakarta","30000000",,"2026-07-31","09:34:27","2026-07-31","09:36:42"
"1550","1","3","PT. ENSEVAL PUTERA MEGATRADING(KLB/SCBD)","2026-06-06","2026-12-05","2026-07-31","GF/000122/LOC/9903/07/2026",,"9903","Jakarta","30000000",,"2026-07-31","09:38:42","2026-07-31","09:40:18"
"1550","1","3","PT. ENSEVAL PUTERA MEGATRADING(KLB/SCBD)","2026-09-22","2026-12-21","2026-07-31","GF/000110/LOC/9908/07/2026",,"9908","Jakarta","30000000",,"2026-07-31","09:42:41","2026-07-31","09:44:57"
"1550","1","3","PT. ENSEVAL PUTERA MEGATRADING(KLB/SCBD)","2026-08-01","2026-12-31","2026-07-31","GF/000025/LOC/9916/07/2026",,"9916","Jakarta","37500000",,"2026-07-31","09:49:15","2026-07-31","09:51:39"
"1550","1","3","PT. ENSEVAL PUTERA MEGATRADING(KLB/SCBD)","2026-06-06","2026-12-05","2026-07-31","GF/000051/LOC/9918/07/2026",,"9918","Jakarta","60000000",,"2026-07-31","09:56:09","2026-07-31","09:57:32"
"1550","1","3","PT. ENSEVAL PUTERA MEGATRADING(KLB/SCBD)","2026-07-01","2026-12-31","2026-07-31","GF/000052/LOC/9918/07/2026",,"9918","Jakarta","60000000",,"2026-07-31","10:03:07","2026-07-31","10:04:38"
"2199","1","3","PT. ENSEVAL PUTERA MEGATRADING (KLBE/BL)","2026-08-01","2026-12-31","2026-07-31","GF/000044/LOC/9919/07/2026",,"9919","Jakarta","25000000",,"2026-07-31","10:08:54","2026-07-31","10:10:42"
"3145","1","3","PT. SARANA ABADI MAKMUR BERSAMA (HEINZ)","2026-03-16","2027-03-15","2026-05-19","GF/000130/LOC/8001/05/2026",,"8001","Jakarta","100000000",,"2026-05-19","18:06:59","2026-08-03","18:08:23"
"4163","1","3","PT. HANWA INDONESIA","2026-08-03","2026-08-03","2026-08-03","GF/000237/LOC/8001/08/2026",,"8001","Jakarta","1000000","SUPPORT NEW ITEM","2026-08-03","17:34:11","2026-08-03","17:35:01"
"320","1","3","PT. PRAMBANAN KENCANA","2026-08-15","2026-09-14","2026-08-03","GF/000115/LOC/9902/08/2026",,"9902","Jakarta","7500000",,"2026-08-03","12:22:34","2026-08-03","12:29:24"
"320","1","3","PT. PRAMBANAN KENCANA","2026-11-15","2026-12-14","2026-08-03","GF/000116/LOC/9902/08/2026",,"9902","Jakarta","7500000",,"2026-08-03","14:04:30","2026-08-03","14:06:37"
"320","1","3","PT. PRAMBANAN KENCANA","2026-12-15","2027-01-14","2026-08-03","GF/000117/LOC/9902/08/2026",,"9902","Jakarta","7500000","THE BELGIAN, BLUE DIAMOND, SUNKIST","2026-08-03","14:13:44","2026-08-03","14:15:16"
"143","2","3","PT. SUPARMA TBK","2026-08-01","2026-10-31","2026-08-03","GNF/000079/LOC/9918/08/2026",,"9918","Jakarta","18000000",,"2026-08-03","11:18:54","2026-08-03","11:19:53"
"3122","1","3","PT. SEWU SEGAR NUSANTARA","2026-08-12","2026-08-23","2026-08-04","GF/000238/LOC/8001/08/2026",,"8001","Jakarta","10000000",,"2026-08-04","18:02:07","2026-08-04","18:03:16"
"430","2","3","PT. SAYAP MAS UTAMA (SCBD/RD/PRG)","2026-01-06","2026-01-31","2026-01-06","GNF/000012/LOC/8001/01/2026",,"8001","Jakarta","5000000",,"2026-01-06","10:12:17","2026-08-04","17:25:12"
"430","2","3","PT. SAYAP MAS UTAMA (SCBD/RD/PRG)","2026-01-06","2026-01-31","2026-01-06","GNF/000013/LOC/8001/01/2026",,"8001","Jakarta","5000000",,"2026-01-06","10:25:21","2026-08-04","17:28:56"
"430","2","3","PT. SAYAP MAS UTAMA (SCBD/RD/PRG)","2026-01-06","2026-01-31","2026-01-06","GNF/000014/LOC/8001/01/2026",,"8001","Jakarta","10000000",,"2026-01-06","10:36:09","2026-08-04","17:27:41"
"3757","2","3","PT. KAO INDONESIA DISTRIBUTION","2026-01-06","2026-01-31","2026-01-06","GNF/000018/LOC/8001/01/2026",,"8001","Jakarta","1500000",,"2026-01-06","11:39:07","2026-08-04","17:04:41"
"1880","2","3","PT. XC CLEANINDO","2026-01-06","2026-01-31","2026-01-06","GNF/000023/LOC/8001/01/2026",,"8001","Jakarta","10000000",,"2026-01-06","13:02:47","2026-08-04","17:31:04"
"5718","2","3","PT. PANTI KOSMETIKA BARU","2026-01-28","2026-01-31","2026-01-28","GNF/000057/LOC/8001/01/2026",,"8001","Jakarta","2000000",,"2026-01-28","14:14:45","2026-08-04","17:12:12"
"2549","2","3","PT. BINA SAN PRIMA(BYGN/SCBD/RD/PRG/NF)","2026-03-01","2027-02-28","2026-02-03","GNF/000064/LOC/8001/02/2026",,"8001","Jakarta","50000000",,"2026-02-03","12:50:17","2026-08-04","16:32:20"
"1351","2","3","PT. ECO LIVING","2026-02-21","2026-02-28","2026-02-21","GNF/000095/LOC/8001/02/2026",,"8001","Jakarta","5000000",,"2026-02-21","12:20:19","2026-08-04","17:33:08"
"1351","2","3","PT. ECO LIVING","2026-02-21","2026-02-28","2026-02-21","GNF/000096/LOC/8001/02/2026",,"8001","Jakarta","4000000",,"2026-02-21","12:23:43","2026-08-04","17:32:10"
"5522","2","3","PT. ERA VENTURA INDONESIA","2026-04-22","2026-05-06","2026-04-15","GNF/000215/LOC/8001/04/2026",,"8001","Jakarta","2500000","MOTOUCH, MOIST DIANE, BATISTE, MARO","2026-04-15","15:32:04","2026-08-04","16:42:44"
"3763","2","3","PT. CATUR SENTOSA ANUGERAH (PASEO)","2026-07-01","2026-12-31","2026-06-18","GNF/000366/LOC/8001/06/2026",,"8001","Jakarta","20000000",,"2026-06-18","10:07:46","2026-08-04","14:44:22"
"6003","2","3","PT. SARANA ABADI MAKMUR BERSAMA (AR FUM)","2026-06-01","2026-08-31","2026-08-04","GNF/000432/LOC/8001/08/2026",,"8001","Jakarta","7500000","RVS LOC GNF/000272/LOC/8001/05/2026 GANTI SULP","2026-08-04","16:12:10","2026-08-04","16:19:35"
"3122","1","3","PT. SEWU SEGAR NUSANTARA","2026-08-12","2026-08-23","2026-08-04","GF/000238/LOC/8001/08/2026",,"8001","JAKARTA SELATAN","10000000",,"2026-08-04","18:02:07","2026-08-04","18:03:16"
"1880","2","3","PT. XC CLEANINDO","2026-01-06","2026-01-31","2026-01-06","GNF/000023/LOC/8001/01/2026",,"8001","JAKARTA SELATAN","10000000",,"2026-01-06","13:02:47","2026-08-04","17:31:04"
"120","1","3","PT. ESHAM DIMA MANDIRI","2026-08-07","2027-08-06","2026-08-04","GF/000021/LOC/8002/08/2026",,"8002","Jakarta","50000000",,"2026-08-04","13:55:19","2026-08-04","14:34:06"
"120","1","3","PT. ESHAM DIMA MANDIRI","2026-08-07","2026-09-06","2026-08-04","GF/000022/LOC/8002/08/2026",,"8002","Jakarta","5000000",,"2026-08-04","13:57:34","2026-08-04","15:25:07"
"120","1","3","PT. ESHAM DIMA MANDIRI","2026-08-07","2026-09-06","2026-08-04","GF/000023/LOC/8002/08/2026",,"8002","Jakarta","5000000",,"2026-08-04","13:59:41","2026-08-04","16:25:54"
"120","1","3","PT. ESHAM DIMA MANDIRI","2026-08-07","2027-01-06","2026-08-04","GF/000024/LOC/8002/08/2026",,"8002","Jakarta","12000000",,"2026-08-04","14:01:09","2026-08-04","16:07:11"
"4261","1","3","PT. TIGARAKSA SATRIA TBK (JKT)","2026-08-07","2027-01-06","2026-08-04","GF/000025/LOC/8002/08/2026",,"8002","Jakarta","25000000",,"2026-08-04","16:24:57","2026-08-04","17:15:19"
"534","2","3","PT. TIGARAKSA SATRIA TBK","2026-08-04","2026-09-04","2026-08-04","GNF/000031/LOC/8002/08/2026",,"8002","Jakarta","7000000",,"2026-08-04","09:18:42","2026-08-04","09:20:48"
"534","2","3","PT. TIGARAKSA SATRIA TBK","2026-08-15","2026-09-15","2026-08-04","GNF/000032/LOC/8002/08/2026",,"8002","Jakarta","4000000",,"2026-08-04","17:37:40","2026-08-04","17:39:04"
"1918","2","3","PT. TIGARAKSA SATRIA TBK (PEDIGREE/BALI)","2026-09-01","2026-12-31","2026-08-04","GNF/000041/LOC/9901/08/2026",,"9901","Bali","16000000",,"2026-08-04","17:39:40","2026-08-04","17:40:38"
"1550","1","3","PT. ENSEVAL PUTERA MEGATRADING(KLB/SCBD)","2026-06-05","2026-12-04","2026-07-31","GF/000113/LOC/9902/07/2026",,"9902","Jakarta","45000000",,"2026-07-31","08:51:19","2026-08-04","10:47:20"
"263","1","3","PT. MASUYA GRAHA TRIKENCANA","2026-08-15","2026-09-14","2026-08-03","GF/000118/LOC/9902/08/2026",,"9902","Jakarta","4000000",,"2026-08-03","17:32:04","2026-08-04","09:36:28"
"263","1","3","PT. MASUYA GRAHA TRIKENCANA","2026-08-15","2026-09-14","2026-08-04","GF/000123/LOC/9903/08/2026",,"9903","Jakarta","5000000",,"2026-08-04","09:22:49","2026-08-04","09:28:20"
"5680","4","3","PT. ABADI DUTA LESTARI","2026-01-01","2026-12-31","2026-08-04","FP/000004/LOC/9918/08/2026",,"9918","Jakarta","30000000",,"2026-08-04","09:36:43","2026-08-04","09:43:06"
"6031","4","3","PT. MULIA RAYA AGRIJAYA (JKT)","2026-01-01","2026-12-31","2026-08-04","FP/000005/LOC/9918/08/2026",,"9918","Jakarta","20000000",,"2026-08-04","09:44:07","2026-08-04","09:50:10"
"6031","4","3","PT. MULIA RAYA AGRIJAYA (JKT)","2026-01-01","2026-12-31","2026-08-04","FP/000006/LOC/9918/08/2026",,"9918","Jakarta","20000000",,"2026-08-04","09:50:30","2026-08-04","09:52:29"
"5708","4","3","PT. HAHA SAMA SAMA","2026-01-01","2026-12-21","2026-08-04","FP/000007/LOC/9918/08/2026",,"9918","Jakarta","25000000",,"2026-08-04","09:52:53","2026-08-04","09:56:14"
"5708","4","3","PT. HAHA SAMA SAMA","2026-01-01","2026-12-31","2026-08-04","FP/000008/LOC/9918/08/2026",,"9918","Jakarta","25000000",,"2026-08-04","09:56:36","2026-08-04","09:59:41"
"5708","4","3","PT. HAHA SAMA SAMA","2026-01-01","2026-12-31","2026-08-04","FP/000008/LOC/9918/08/2026",,"9918","DKI JAKARTA","25000000",,"2026-08-04","09:56:36","2026-08-04","09:59:41"
"2456","4","3","PT. PRAMBANAN KENCANA (DF)","2026-09-01","2027-09-01","2026-08-04","FDF/000012/LOC/9919/08/2026",,"9919","Jakarta","30000000",,"2026-08-04","16:06:24","2026-08-04","16:17:43"
"2456","4","3","PT. PRAMBANAN KENCANA (DF)","2026-07-25","2027-07-25","2026-08-04","FDF/000013/LOC/9919/08/2026",,"9919","Jakarta","20000000",,"2026-08-04","16:08:22","2026-08-04","16:15:30"
"5254","4","3","PT. ANUGERAH BOGA FROZINDO(DF)","2026-07-25","2027-07-25","2026-08-04","FDF/000014/LOC/9919/08/2026",,"9919","Jakarta","50000000",,"2026-08-04","16:11:33","2026-08-04","16:13:14"
"228","4","3","PT. MACROSENTRA NIAGABOGA(DF)","2026-07-25","2027-07-25","2026-08-04","FDF/000017/LOC/9919/08/2026",,"9919","Jakarta","70000000",,"2026-08-04","16:22:56","2026-08-04","16:26:22"
"987","4","3","PT. FITRAFOOD INTERNATIONAL(DF)","2026-07-25","2027-07-25","2026-08-04","FDF/000018/LOC/9919/08/2026",,"9919","Jakarta","20000000",,"2026-08-04","16:26:35","2026-08-04","16:27:43"
"589","4","3","PT. MULIA RAYA AGRIJAYA(DF)","2026-07-25","2027-07-25","2026-08-04","FDF/000019/LOC/9919/08/2026",,"9919","Jakarta","50000000",,"2026-08-04","16:28:05","2026-08-04","16:30:55"
"2456","4","3","PT. PRAMBANAN KENCANA (DF)","2026-08-04","2026-08-04","2026-08-04","FDF/000022/LOC/9919/08/2026",,"9919","Jakarta","20000000",,"2026-08-04","16:36:39","2026-08-04","16:44:23"
"228","4","3","PT. MACROSENTRA NIAGABOGA(DF)","2026-09-25","2027-09-25","2026-08-04","FDF/000023/LOC/9919/08/2026",,"9919","Jakarta","60000000",,"2026-08-04","16:45:30","2026-08-04","16:46:30"
"5680","4","3","PT. ABADI DUTA LESTARI","2026-08-01","2027-07-31","2026-08-04","FP/000005/LOC/9919/08/2026",,"9919","Jakarta","20000000",,"2026-08-04","10:01:41","2026-08-04","10:10:03"
"6031","4","3","PT. MULIA RAYA AGRIJAYA (JKT)","2026-08-01","2027-07-31","2026-08-04","FP/000006/LOC/9919/08/2026",,"9919","Jakarta","60000000",,"2026-08-04","10:10:49","2026-08-04","10:12:32"
"120","1","3","PT. ESHAM DIMA MANDIRI","2026-08-16","2027-08-15","2026-08-04","GF/000045/LOC/9919/08/2026",,"9919","Jakarta","120000000",,"2026-08-04","13:36:47","2026-08-04","13:38:01"
"5254","4","3","PT. ANUGERAH BOGA FROZINDO(DF)","2026-07-25","2027-07-25","2026-08-04","FDF/000014/LOC/9919/08/2026",,"9919","TANGERANG","50000000",,"2026-08-04","16:11:33","2026-08-04","16:13:14"
"5680","4","3","PT. ABADI DUTA LESTARI","2026-08-01","2027-07-31","2026-08-04","FP/000005/LOC/9919/08/2026",,"9919","TANGERANG","20000000",,"2026-08-04","10:01:41","2026-08-04","10:10:03"
"1521","2","3","PT. PERFECT COMPANION INDONESIA","2026-08-01","2026-12-31","2026-08-05","GNF/000433/LOC/8001/08/2026",,"8001","Jakarta","20000000",,"2026-08-05","09:56:59","2026-08-05","09:59:11"
"5826","2","3","PT. SURYA PANGAN SEJAHTERA","2026-09-01","2027-02-28","2026-08-05","GNF/000434/LOC/8001/08/2026",,"8001","Jakarta","20000000",,"2026-08-05","14:49:12","2026-08-05","14:52:14"
"6063","2","3","PT. RAMASURYA PERKASA DISTRINDO","2026-09-01","2026-11-30","2026-08-05","GNF/000435/LOC/8001/08/2026",,"8001","Jakarta","8750000",,"2026-08-05","14:54:29","2026-08-05","14:58:16"
"2662","2","3","PT. CATUR SENTOSA ANUGERAH (J&J)","2026-09-01","2026-11-30","2026-08-05","GNF/000436/LOC/8001/08/2026",,"8001","Jakarta","12500000",,"2026-08-05","15:00:16","2026-08-05","15:01:52"
"3748","2","3","PT. SAI INDONESIA","2026-09-01","2026-11-30","2026-08-05","GNF/000448/LOC/8001/08/2026",,"8001","Jakarta","1500000",,"2026-08-05","15:31:33","2026-08-05","15:33:29"
"3554","2","3","PT. INDOMARCO ADI PRIMA","2026-09-01","2026-11-30","2026-08-05","GNF/000450/LOC/8001/08/2026",,"8001","Jakarta","0",,"2026-08-05","15:38:36","2026-08-05","15:42:31"
"6003","2","3","PT. SARANA ABADI MAKMUR BERSAMA (AR FUM)","2026-09-01","2027-08-31","2026-08-05","GNF/000451/LOC/8001/08/2026",,"8001","Jakarta","7500000",,"2026-08-05","15:42:43","2026-08-05","15:45:56"
"1253","2","3","PT. UNILEVER INDONESIA TBK","2026-09-01","2026-10-31","2026-08-05","GNF/000452/LOC/8001/08/2026",,"8001","Jakarta","14000000",,"2026-08-05","15:46:29","2026-08-05","15:52:36"
"6063","2","3","PT. RAMASURYA PERKASA DISTRINDO","2026-09-01","2026-11-30","2026-08-05","GNF/000435/LOC/8001/08/2026",,"8001","JAKARTA SELATAN","8750000",,"2026-08-05","14:54:29","2026-08-05","14:58:16"
"5826","2","3","PT. SURYA PANGAN SEJAHTERA","2026-09-01","2027-02-28","2026-08-05","GNF/000434/LOC/8001/08/2026",,"8001","JAKARTA SELATAN","20000000",,"2026-08-05","14:49:12","2026-08-05","14:52:14"
"6003","2","3","PT. SARANA ABADI MAKMUR BERSAMA (AR FUM)","2026-09-01","2027-08-31","2026-08-05","GNF/000451/LOC/8001/08/2026",,"8001","JAKARTA SELATAN","7500000",,"2026-08-05","15:42:43","2026-08-05","15:45:56"
"508","1","3","PT. SUKANDA DJAYA","2025-08-01","2026-07-31","2025-01-11","GF/000011/LOC/8002/01/2025",,"8002","Jakarta","60000000","SUPPORT GONDOLA RADIO DALAM","2025-01-11","15:03:37","2026-08-05","17:13:56"
"4435","2","3","PT. CATUR SENTOSA ANUGERAH (HIT)","2026-09-01","2026-12-31","2026-08-05","GNF/000033/LOC/8002/08/2026",,"8002","Jakarta","8000000",,"2026-08-05","16:05:11","2026-08-05","16:06:49"
"1521","2","3","PT. PERFECT COMPANION INDONESIA","2026-09-01","2027-04-30","2026-08-05","GNF/000034/LOC/8002/08/2026",,"8002","Jakarta","40000000",,"2026-08-05","16:07:11","2026-08-05","16:08:10"
"3763","2","3","PT. CATUR SENTOSA ANUGERAH (PASEO)","2026-09-01","2026-09-30","2026-08-05","GNF/000035/LOC/8002/08/2026",,"8002","Jakarta","12000000",,"2026-08-05","16:08:24","2026-08-05","16:10:25"
"3554","2","3","PT. INDOMARCO ADI PRIMA","2026-09-01","2026-11-30","2026-08-05","GNF/000037/LOC/8002/08/2026",,"8002","Jakarta","0",,"2026-08-05","16:12:09","2026-08-05","16:13:09"
"3141","2","3","PT. VICTORIA CARE INDONESIA","2026-09-01","2027-08-31","2026-08-05","GNF/000043/LOC/9901/08/2026",,"9901","Bali","40000000",,"2026-08-05","16:20:18","2026-08-05","16:22:13"
"872","2","3","PT. MUSTIKA RATU BUANA INTERNATIONAL","2026-09-01","2027-02-28","2026-08-05","GNF/000119/LOC/9902/08/2026",,"9902","Jakarta","10000000",,"2026-08-05","16:45:35","2026-08-05","16:46:33"
"4435","2","3","PT. CATUR SENTOSA ANUGERAH (HIT)","2026-09-01","2026-12-31","2026-08-05","GNF/000120/LOC/9902/08/2026",,"9902","Jakarta","8000000",,"2026-08-05","16:46:46","2026-08-05","16:48:57"
"3554","2","3","PT. INDOMARCO ADI PRIMA","2026-09-01","2026-11-30","2026-08-05","GNF/000122/LOC/9902/08/2026",,"9902","Jakarta","0",,"2026-08-05","16:57:16","2026-08-05","16:58:30"
"430","2","3","PT. SAYAP MAS UTAMA (SCBD/RD/PRG)","2026-09-01","2026-11-30","2026-08-05","GNF/000123/LOC/9902/08/2026",,"9902","Jakarta","30000000",,"2026-08-05","16:58:44","2026-08-05","17:02:13"
"595","2","3","PT. DUA BERLIAN","2026-09-01","2027-02-28","2026-08-05","GNF/000124/LOC/9902/08/2026",,"9902","Jakarta","42000000",,"2026-08-05","17:02:29","2026-08-05","17:03:30"
"872","2","3","PT. MUSTIKA RATU BUANA INTERNATIONAL","2026-09-01","2027-02-28","2026-08-05","GNF/000050/LOC/9912/08/2026",,"9912","Bali","10000000",,"2026-08-05","17:30:57","2026-08-05","17:34:07"
"4692","2","3","CV. MITRA PEMENANG (BALI)","2026-09-01","2026-11-30","2026-08-05","GNF/000051/LOC/9912/08/2026",,"9912","Bali","3600000",,"2026-08-05","17:34:32","2026-08-05","17:35:25"
"4692","2","3","CV. MITRA PEMENANG (BALI)","2026-09-01","2026-11-30","2026-08-05","GNF/000051/LOC/9912/08/2026",,"9912","BALI","3600000",,"2026-08-05","17:34:32","2026-08-05","17:35:25"
"3472","2","3","PT. SEMESTA DISTRIBUSI INDONESIA","2025-12-24","2026-12-23","2026-08-05","GNF/000060/LOC/9916/08/2026",,"9916","Jakarta","12000000",,"2026-08-05","11:52:32","2026-08-05","11:57:54"
"2662","2","3","PT. CATUR SENTOSA ANUGERAH (J&J)","2026-09-01","2026-11-30","2026-08-05","GNF/000080/LOC/9918/08/2026",,"9918","Jakarta","12500000",,"2026-08-05","17:49:42","2026-08-05","17:57:10"
"872","2","3","PT. MUSTIKA RATU BUANA INTERNATIONAL","2026-09-01","2027-02-28","2026-08-05","GNF/000081/LOC/9918/08/2026",,"9918","Jakarta","10000000",,"2026-08-05","17:57:51","2026-08-05","17:59:15"
"2946","2","3","PT. KAIFA INDONESIA","2026-09-01","2026-10-31","2026-08-05","GNF/000177/LOC/9919/08/2026",,"9919","Jakarta","4000000",,"2026-08-05","17:37:59","2026-08-05","17:39:37"
"5564","1","3","PT. TIGARAKSA SATRIA TBK (MAHORAHORA)","2026-08-08","2026-12-07","2026-08-06","GF/000239/LOC/8001/08/2026",,"8001","Jakarta","20000000",,"2026-08-06","08:55:57","2026-08-06","08:57:11"
"605","2","3","PT. KOTAMAS MAKMUR NATIONAL AGENCY","2026-09-01","2027-08-31","2026-08-05","GNF/000437/LOC/8001/08/2026",,"8001","Jakarta","8000000","HOUSEWARE","2026-08-05","15:02:44","2026-08-06","14:19:58"
"2616","2","3","PT. SEJAHTERA RODAMASA","2026-09-01","2027-08-31","2026-08-05","GNF/000438/LOC/8001/08/2026",,"8001","Jakarta","6500000","HOUSEWARE","2026-08-05","15:03:48","2026-08-06","14:25:30"
"2616","2","3","PT. SEJAHTERA RODAMASA","2026-09-01","2027-08-31","2026-08-05","GNF/000439/LOC/8001/08/2026",,"8001","Jakarta","6500000","HOUSEWARE","2026-08-05","15:04:49","2026-08-06","14:26:07"
"2292","2","3","PT. BRATASENA JAYA (JKT)","2026-09-01","2027-08-31","2026-08-05","GNF/000440/LOC/8001/08/2026",,"8001","Jakarta","10000000","HOUSEWARE","2026-08-05","15:05:45","2026-08-06","14:26:46"
"604","2","3","PT. TRI WAHANA LARAS","2026-09-01","2027-08-31","2026-08-05","GNF/000441/LOC/8001/08/2026",,"8001","Jakarta","18000000","HOUSEWARE","2026-08-05","15:06:44","2026-08-06","14:27:59"
"3939","2","3","PT. GRANARY SUBUR JAYA","2026-09-01","2027-08-31","2026-08-05","GNF/000442/LOC/8001/08/2026",,"8001","Jakarta","5000000","HOUSEWARE","2026-08-05","15:07:36","2026-08-06","14:28:29"
"605","2","3","PT. KOTAMAS MAKMUR NATIONAL AGENCY","2026-09-01","2027-08-31","2026-08-05","GNF/000443/LOC/8001/08/2026",,"8001","Jakarta","8000000","HOUSEWARE 1 ELEMENT","2026-08-05","15:08:32","2026-08-06","14:29:06"
"605","2","3","PT. KOTAMAS MAKMUR NATIONAL AGENCY","2026-09-01","2027-08-31","2026-08-05","GNF/000444/LOC/8001/08/2026",,"8001","Jakarta","16000000","HOUSEWARE 2 ELEMENT","2026-08-05","15:10:27","2026-08-06","14:29:44"
"605","2","3","PT. KOTAMAS MAKMUR NATIONAL AGENCY","2026-09-01","2027-08-31","2026-08-05","GNF/000445/LOC/8001/08/2026",,"8001","Jakarta","16000000","HOUSEWARE 2 ELEMENT","2026-08-05","15:11:48","2026-08-06","14:30:18"
"2960","2","3","PT. PRISMA MAS SEMESTA","2026-09-01","2027-08-31","2026-08-05","GNF/000446/LOC/8001/08/2026",,"8001","Jakarta","7000000","HOUSEWARE","2026-08-05","15:13:06","2026-08-06","14:30:53"
"1521","2","3","PT. PERFECT COMPANION INDONESIA","2026-09-01","2026-12-31","2026-08-05","GNF/000447/LOC/8001/08/2026",,"8001","Jakarta","12000000","BLOKING 3 SELVING EYES LEVEL","2026-08-05","15:22:45","2026-08-06","14:31:49"
"298","2","3","PT. MILLENNIUM PHARMACON INTERNATIONAL","2026-09-01","2027-08-31","2026-08-05","GNF/000449/LOC/8001/08/2026",,"8001","Jakarta","36000000","BLOKING + FRAMING","2026-08-05","15:33:45","2026-08-06","14:32:27"
"1309","2","3","PT. ARTA BOGA CEMERLANG","2026-09-01","2026-11-30","2026-08-05","GNF/000453/LOC/8001/08/2026",,"8001","Jakarta","21000000","TG BELAKANG","2026-08-05","15:55:06","2026-08-06","14:32:59"
"5098","4","3","PT. GREENFIELDS INDONESIA(DF)","2026-08-06","2026-08-06","2026-08-06","GNF/000454/LOC/8001/08/2026",,"8001","Jakarta","5000000",,"2026-08-06","10:41:17","2026-08-06","10:42:09"
"38","2","3","PT. BINA SAN PRIMA","2026-08-10","2026-11-10","2026-08-06","GNF/000455/LOC/8001/08/2026",,"8001","Jakarta","3000000",,"2026-08-06","12:00:27","2026-08-06","12:01:40"
"2495","2","3","PT. UNIRAMA DUTA NIAGA (OTC/NF)","2026-09-01","2026-09-30","2026-08-06","GNF/000456/LOC/8001/08/2026",,"8001","Jakarta","5000000",,"2026-08-06","14:37:38","2026-08-06","14:42:39"
"5564","1","3","PT. TIGARAKSA SATRIA TBK (MAHORAHORA)","2026-08-08","2026-12-07","2026-08-06","GF/000239/LOC/8001/08/2026",,"8001","JAKARTA SELATAN","20000000",,"2026-08-06","08:55:57","2026-08-06","08:57:11"
"38","2","3","PT. BINA SAN PRIMA","2026-08-10","2026-11-10","2026-08-06","GNF/000455/LOC/8001/08/2026",,"8001","JAKARTA SELATAN","3000000",,"2026-08-06","12:00:27","2026-08-06","12:01:40"
"1309","2","3","PT. ARTA BOGA CEMERLANG","2026-09-01","2026-11-30","2026-08-05","GNF/000453/LOC/8001/08/2026",,"8001","JAKARTA SELATAN","21000000","TG BELAKANG","2026-08-05","15:55:06","2026-08-06","14:32:59"
"298","2","3","PT. MILLENNIUM PHARMACON INTERNATIONAL","2026-09-01","2027-08-31","2026-08-05","GNF/000449/LOC/8001/08/2026",,"8001","JAKARTA SELATAN","36000000","BLOKING + FRAMING","2026-08-05","15:33:45","2026-08-06","14:32:27"
"5098","4","3","PT. GREENFIELDS INDONESIA(DF)","2026-08-06","2026-08-06","2026-08-06","GNF/000454/LOC/8001/08/2026",,"8001","JAKARTA SELATAN","5000000",,"2026-08-06","10:41:17","2026-08-06","10:42:09"
"6063","2","3","PT. RAMASURYA PERKASA DISTRINDO","2026-09-01","2026-11-30","2026-08-05","GNF/000036/LOC/8002/08/2026",,"8002","Jakarta","4500000",,"2026-08-05","16:10:36","2026-08-06","15:29:34"
"430","2","3","PT. SAYAP MAS UTAMA (SCBD/RD/PRG)","2026-09-01","2027-08-31","2026-08-05","GNF/000121/LOC/9902/08/2026",,"9902","Jakarta","40000000","BRANDING + BLOKING","2026-08-05","16:49:13","2026-08-06","16:07:28"
"508","1","3","PT. SUKANDA DJAYA","2025-01-01","2025-12-31","2026-08-06","GF/000125/LOC/9903/08/2026",,"9903","Jakarta","100000000",,"2026-08-06","11:29:16","2026-08-06","11:29:52"
"5576","2","3","PT. SINERGI HARAPAN SUKSES","2026-09-01","2027-08-31","2026-08-06","GNF/000110/LOC/9903/08/2026",,"9903","Jakarta","30000000",,"2026-08-06","10:35:11","2026-08-06","10:37:43"
"6063","2","3","PT. RAMASURYA PERKASA DISTRINDO","2026-09-01","2026-11-30","2026-08-06","GNF/000112/LOC/9903/08/2026",,"9903","Jakarta","6000000",,"2026-08-06","10:40:12","2026-08-06","15:26:12"
"2662","2","3","PT. CATUR SENTOSA ANUGERAH (J&J)","2026-09-01","2026-11-30","2026-08-06","GNF/000113/LOC/9903/08/2026",,"9903","Jakarta","12500000",,"2026-08-06","10:42:23","2026-08-06","10:44:40"
"3748","2","3","PT. SAI INDONESIA","2026-09-01","2026-12-31","2026-08-06","GNF/000115/LOC/9903/08/2026",,"9903","Jakarta","4000000","BLOKING 1 SHELVING REGULER","2026-08-06","10:46:03","2026-08-06","10:46:59"
"3748","2","3","PT. SAI INDONESIA","2026-09-01","2026-12-31","2026-08-06","GNF/000116/LOC/9903/08/2026",,"9903","Jakarta","2000000","BLOKING 1/2 SHELVING REGULER","2026-08-06","10:47:09","2026-08-06","10:49:39"
"4435","2","3","PT. CATUR SENTOSA ANUGERAH (HIT)","2026-09-01","2026-12-31","2026-08-06","GNF/000117/LOC/9903/08/2026",,"9903","Jakarta","8000000",,"2026-08-06","10:47:24","2026-08-06","10:54:34"
"3763","2","3","PT. CATUR SENTOSA ANUGERAH (PASEO)","2026-09-01","2026-11-30","2026-08-06","GNF/000118/LOC/9903/08/2026",,"9903","Jakarta","15000000",,"2026-08-06","10:54:43","2026-08-06","10:56:40"
"2525","2","3","PT. DOCARE LARAS INDONESIA","2026-09-01","2026-11-30","2026-08-06","GNF/000119/LOC/9903/08/2026",,"9903","Jakarta","3000000","COC 1 SELVING","2026-08-06","10:56:52","2026-08-06","10:57:41"
"6063","2","3","PT. RAMASURYA PERKASA DISTRINDO","2026-09-01","2026-11-30","2026-08-06","GNF/000120/LOC/9903/08/2026",,"9903","Jakarta","7500000",,"2026-08-06","10:57:55","2026-08-06","15:27:36"
"5885","2","3","PT. MENARA ABADI SOFINDO","2026-09-01","2026-11-30","2026-08-06","GNF/000121/LOC/9903/08/2026",,"9903","Jakarta","15000000",,"2026-08-06","10:58:55","2026-08-06","10:59:38"
"3554","2","3","PT. INDOMARCO ADI PRIMA","2026-09-01","2026-11-30","2026-08-06","GNF/000122/LOC/9903/08/2026",,"9903","Jakarta","0",,"2026-08-06","10:59:48","2026-08-06","11:01:54"
"2152","2","3","PT. BAHTERA CIPTA RAGA PRIMA (SHICK/NF)","2026-09-01","2026-11-30","2026-08-06","GNF/000123/LOC/9903/08/2026",,"9903","Jakarta","9000000",,"2026-08-06","11:02:05","2026-08-06","11:02:55"
"1303","2","3","PT. TIGARAKSA SATRIA TBK","2026-09-01","2026-12-31","2026-08-06","GNF/000125/LOC/9903/08/2026",,"9903","Jakarta","24000000",,"2026-08-06","11:00:03","2026-08-06","11:15:10"
"1303","2","3","PT. TIGARAKSA SATRIA TBK","2026-09-01","2026-12-31","2026-08-06","GNF/000126/LOC/9903/08/2026",,"9903","Jakarta","24000000",,"2026-08-06","11:16:26","2026-08-06","16:10:36"
"289","2","3","PT. PANCA TALENTA MAS","2026-09-01","2026-12-31","2026-08-06","GNF/000127/LOC/9903/08/2026",,"9903","Jakarta","32000000",,"2026-08-06","11:18:24","2026-08-06","11:19:26"
"4962","2","3","PT. CATUR SENTOSA ADIPRIMA (JKT)","2026-09-01","2026-12-31","2026-08-06","GNF/000128/LOC/9903/08/2026",,"9903","Jakarta","40000000",,"2026-08-06","11:19:36","2026-08-06","11:20:14"
"4962","2","3","PT. CATUR SENTOSA ADIPRIMA (JKT)","2026-09-01","2026-12-31","2026-08-06","GNF/000129/LOC/9903/08/2026",,"9903","Jakarta","40000000",,"2026-08-06","11:20:23","2026-08-06","11:21:01"
"3554","2","3","PT. INDOMARCO ADI PRIMA","2026-09-01","2026-12-31","2026-08-06","GNF/000130/LOC/9903/08/2026",,"9903","Jakarta","40000000",,"2026-08-06","11:21:11","2026-08-06","11:22:00"
"5576","2","3","PT. SINERGI HARAPAN SUKSES","2026-09-01","2027-08-31","2026-08-06","GNF/000110/LOC/9903/08/2026",,"9903","DKI JAKARTA","30000000",,"2026-08-06","10:35:11","2026-08-06","10:37:43"
"5508","1","3","PT. DINAMIS ARTHA SUKSES (FD/NESTLE)","2026-01-01","2026-12-31","2025-12-15","GF/000161/LOC/9908/12/2025",,"9908","Jakarta","90000000",,"2025-12-15","14:27:27","2026-08-06","09:08:29"
"5826","2","3","PT. SURYA PANGAN SEJAHTERA","2026-09-01","2027-02-28","2026-08-06","GNF/000148/LOC/9908/08/2026",,"9908","Jakarta","20000000",,"2026-08-06","10:12:16","2026-08-06","10:13:25"
"2634","2","3","PT. PARAMA GLOBAL INSPIRA (WARDAH/NF)","2026-09-01","2026-12-31","2026-08-06","GNF/000149/LOC/9908/08/2026",,"9908","Jakarta","6700000",,"2026-08-06","10:13:37","2026-08-06","10:16:53"
"2662","2","3","PT. CATUR SENTOSA ANUGERAH (J&J)","2026-09-01","2026-11-30","2026-08-06","GNF/000150/LOC/9908/08/2026",,"9908","Jakarta","9000000",,"2026-08-06","10:17:04","2026-08-06","10:19:33"
"1253","2","3","PT. UNILEVER INDONESIA TBK","2026-09-01","2026-11-30","2026-08-06","GNF/000151/LOC/9908/08/2026",,"9908","Jakarta","10000000",,"2026-08-06","10:19:45","2026-08-06","10:20:41"
"2934","2","3","PT. BINA SAN PRIMA (ENERGIZER/NF)","2026-09-01","2026-12-31","2026-08-06","GNF/000152/LOC/9908/08/2026",,"9908","Jakarta","12000000",,"2026-08-06","10:20:52","2026-08-06","10:23:17"
"2634","2","3","PT. PARAMA GLOBAL INSPIRA (WARDAH/NF)","2026-09-01","2026-12-31","2026-08-06","GNF/000153/LOC/9908/08/2026",,"9908","Jakarta","4400000",,"2026-08-06","10:23:47","2026-08-06","10:24:58"
"2495","2","3","PT. UNIRAMA DUTA NIAGA (OTC/NF)","2026-09-01","2026-09-30","2026-08-06","GNF/000154/LOC/9908/08/2026",,"9908","Jakarta","5000000",,"2026-08-06","10:25:10","2026-08-06","16:22:31"
"289","2","3","PT. PANCA TALENTA MAS","2026-09-01","2026-12-31","2026-08-06","GNF/000156/LOC/9908/08/2026",,"9908","Jakarta","40000000",,"2026-08-06","10:27:36","2026-08-06","10:28:34"
"4435","2","3","PT. CATUR SENTOSA ANUGERAH (HIT)","2026-09-01","2026-12-31","2026-08-06","GNF/000157/LOC/9908/08/2026",,"9908","Jakarta","8000000",,"2026-08-06","10:28:47","2026-08-06","10:30:11"
"508","1","3","PT. SUKANDA DJAYA","2025-01-01","2025-12-31","2026-08-06","GNF/000158/LOC/9908/08/2026",,"9908","Jakarta","100000000",,"2026-08-06","11:25:20","2026-08-06","11:28:35"
"1920","2","3","PT. DELTA SATRIA DEWATA (L'OREAL/BALI)","2026-08-01","2027-07-31","2026-08-06","GNF/000052/LOC/9912/08/2026",,"9912","Bali","36000000",,"2026-08-06","14:57:26","2026-08-06","14:58:40"
"6063","2","3","PT. RAMASURYA PERKASA DISTRINDO","2026-09-01","2026-11-30","2026-08-06","GNF/000061/LOC/9916/08/2026",,"9916","Jakarta","4500000",,"2026-08-06","09:59:08","2026-08-06","15:28:45"
"872","2","3","PT. MUSTIKA RATU BUANA INTERNATIONAL","2026-09-01","2027-02-28","2026-08-06","GNF/000062/LOC/9916/08/2026",,"9916","Jakarta","10000000",,"2026-08-06","10:00:43","2026-08-06","10:01:44"
"430","2","3","PT. SAYAP MAS UTAMA (SCBD/RD/PRG)","2026-09-01","2026-11-30","2026-08-06","GNF/000063/LOC/9916/08/2026",,"9916","Jakarta","12500000","RAISER","2026-08-06","10:01:54","2026-08-06","10:03:04"
"2934","2","3","PT. BINA SAN PRIMA (ENERGIZER/NF)","2026-09-01","2026-11-30","2026-08-06","GNF/000064/LOC/9916/08/2026",,"9916","Jakarta","500000",,"2026-08-06","10:03:15","2026-08-06","10:08:47"
"430","2","3","PT. SAYAP MAS UTAMA (SCBD/RD/PRG)","2026-09-01","2026-11-30","2026-08-06","GNF/000065/LOC/9916/08/2026",,"9916","Jakarta","18000000",,"2026-08-06","10:08:58","2026-08-06","10:10:08"
"430","2","3","PT. SAYAP MAS UTAMA (SCBD/RD/PRG)","2026-09-01","2026-11-30","2026-08-06","GNF/000066/LOC/9916/08/2026",,"9916","Jakarta","15000000",,"2026-08-06","10:10:23","2026-08-06","10:11:02"
"3554","2","3","PT. INDOMARCO ADI PRIMA","2026-09-01","2026-11-30","2026-08-06","GNF/000082/LOC/9918/08/2026",,"9918","Jakarta","0",,"2026-08-06","09:52:50","2026-08-06","09:54:11"
"964","2","3","PT. BAHTERA CIPTA RAGA PRIMA","2026-09-01","2026-11-30","2026-08-06","GNF/000083/LOC/9918/08/2026",,"9918","Jakarta","3000000","BLOKING 1 SELVING AREA REGULER","2026-08-06","09:54:42","2026-08-06","09:55:49"
"1309","2","3","PT. ARTA BOGA CEMERLANG","2026-09-01","2026-11-30","2026-08-06","GNF/000084/LOC/9918/08/2026",,"9918","Jakarta","30000000",,"2026-08-06","09:56:18","2026-08-06","09:57:47"
"2495","2","3","PT. UNIRAMA DUTA NIAGA (OTC/NF)","2026-09-01","2026-09-30","2026-08-06","GNF/000179/LOC/9919/08/2026",,"9919","Jakarta","5000000",,"2026-08-06","15:44:11","2026-08-06","15:47:57"
"508","1","3","PT. SUKANDA DJAYA","2026-08-01","2027-08-31","2026-07-27","GF/000038/LOC/9919/07/2026",,"8001","Jakarta","120000000",,"2026-07-27","10:48:46","2026-08-07","15:22:31"
"222","2","3","PT. KAO INDONESIA","2026-01-06","2026-01-31","2026-01-06","GNF/000017/LOC/8001/01/2026",,"8001","Jakarta","1500000",,"2026-01-06","11:08:04","2026-08-07","11:29:14"
"3052","2","3","PT. BINTANG INTER GLOBAL","2026-01-06","2026-01-31","2026-01-06","GNF/000019/LOC/8001/01/2026",,"8001","Jakarta","15000000",,"2026-01-06","11:51:31","2026-08-07","13:55:18"
"2495","2","3","PT. UNIRAMA DUTA NIAGA (OTC/NF)","2026-01-06","2026-01-31","2026-01-06","GNF/000020/LOC/8001/01/2026",,"8001","Jakarta","5000000",,"2026-01-06","12:40:47","2026-08-07","13:49:52"
"289","2","3","PT. PANCA TALENTA MAS","2026-01-06","2026-01-31","2026-01-06","GNF/000026/LOC/8001/01/2026",,"8001","Jakarta","15000000",,"2026-01-06","13:41:14","2026-08-07","11:36:16"
"2662","2","3","PT. CATUR SENTOSA ANUGERAH (J&J)","2026-04-17","2026-04-30","2026-04-17","GNF/000224/LOC/8001/04/2026",,"8001","Jakarta","2000000",,"2026-04-17","11:04:01","2026-08-07","11:33:03"
"534","2","3","PT. TIGARAKSA SATRIA TBK","2026-05-05","2026-05-31","2026-05-05","GNF/000263/LOC/8001/05/2026",,"8001","Jakarta","3000000",,"2026-05-05","17:48:11","2026-08-07","11:14:27"
"534","2","3","PT. TIGARAKSA SATRIA TBK","2026-05-06","2026-05-31","2026-05-06","GNF/000275/LOC/8001/05/2026",,"8001","Jakarta","3000000",,"2026-05-06","15:02:42","2026-08-07","11:15:24"
"6003","2","3","PT. SARANA ABADI MAKMUR BERSAMA (AR FUM)","2026-05-11","2026-05-31","2026-05-11","GNF/000291/LOC/8001/05/2026",,"8001","Jakarta","4000000",,"2026-05-11","10:59:29","2026-08-07","11:17:35"
"4029","2","3","PT. SARANA ABADI MAKMUR BERSAMA (KINO)","2026-08-07","2026-08-31","2026-08-07","GNF/000457/LOC/8001/08/2026",,"8001","Jakarta","20000000",,"2026-08-07","11:24:41","2026-08-07","11:27:29"
"2549","2","3","PT. BINA SAN PRIMA(BYGN/SCBD/RD/PRG/NF)","2026-08-07","2026-08-31","2026-08-07","GNF/000458/LOC/8001/08/2026",,"8001","Jakarta","10000000",,"2026-08-07","11:29:52","2026-08-07","14:40:46"
"3838","2","3","PT. MENSA BINASUKSES (BIODERMA)","2026-08-07","2026-08-31","2026-08-07","GNF/000459/LOC/8001/08/2026",,"8001","Jakarta","2000000",,"2026-08-07","11:34:26","2026-08-07","11:36:32"
"2495","2","3","PT. UNIRAMA DUTA NIAGA (OTC/NF)","2025-10-01","2025-10-31","2025-10-01","GNF/000645/LOC/8001/10/2025",,"8001","Jakarta","7500000",,"2025-10-01","14:44:59","2026-08-07","11:41:48"
"4926","2","3","PT. CATUR SENTOSA ANUGERAH (SKINTIFC)","2025-12-29","2025-12-31","2025-12-29","GNF/000875/LOC/8001/12/2025",,"8001","Jakarta","4000000",,"2025-12-29","17:51:04","2026-08-07","13:54:06"
"4926","2","3","PT. CATUR SENTOSA ANUGERAH (SKINTIFC)","2025-12-29","2025-12-31","2025-12-29","GNF/000875/LOC/8001/12/2025",,"8001","JAKARTA SELATAN","4000000",,"2025-12-29","17:51:04","2026-08-07","13:54:06"
"2549","2","3","PT. BINA SAN PRIMA(BYGN/SCBD/RD/PRG/NF)","2026-08-07","2026-08-31","2026-08-07","GNF/000458/LOC/8001/08/2026",,"8001","JAKARTA SELATAN","10000000",,"2026-08-07","11:29:52","2026-08-07","14:40:46"
"5666","2","3","PT. BORWITA CITRA PRIMA (G2G)","2026-08-01","2026-10-31","2026-08-07","GNF/000048/LOC/9901/08/2026",,"9901","Bali","6000000",,"2026-08-07","13:51:21","2026-08-07","13:52:14"
"6063","2","3","PT. RAMASURYA PERKASA DISTRINDO","2026-03-01","2027-02-28","2026-02-03","GNF/000016/LOC/9902/02/2026",,"9902","Jakarta","25000000",,"2026-02-03","14:30:34","2026-08-07","14:00:47"
"3763","2","3","PT. CATUR SENTOSA ANUGERAH (PASEO)","2026-05-16","2026-10-15","2026-05-11","GNF/000086/LOC/9908/05/2026",,"9902","Jakarta","30000000",,"2026-05-11","13:11:46","2026-08-07","14:07:11"
"3763","2","3","PT. CATUR SENTOSA ANUGERAH (PASEO)","2026-05-16","2026-10-15","2026-05-11","GNF/000087/LOC/9908/05/2026",,"9902","Jakarta","30000000",,"2026-05-11","13:18:01","2026-08-07","14:05:49"
"964","2","3","PT. BAHTERA CIPTA RAGA PRIMA","2026-07-01","2026-09-30","2026-08-06","GNF/000114/LOC/9903/08/2026",,"9903","Jakarta","3000000","BLOKING 1 SHELVING AREA REGULER","2026-08-06","10:44:50","2026-08-07","12:32:20"
"964","2","3","PT. BAHTERA CIPTA RAGA PRIMA","2026-01-01","2026-06-30","2025-12-03","GNF/000212/LOC/9903/12/2025",,"9903","Jakarta","6000000",,"2025-12-03","12:08:13","2026-08-07","12:30:43"
"285","1","3","PT. METTA SINAR SEJAHTERA","2026-08-15","2026-10-15","2026-08-03","GF/000111/LOC/9908/08/2026",,"9908","Jakarta","10000000",,"2026-08-03","15:52:33","2026-08-07","14:17:25"
"5740","2","3","PT. PROSPERA AGENG SEJAHTERA","2026-07-01","2026-10-31","2026-08-07","GNF/000087/LOC/9918/08/2026",,"9918","Jakarta","12000000",,"2026-08-07","13:48:01","2026-08-07","13:49:50"
"164","1","3","PT. INBISCO NIAGATAMA SEMESTA","2026-08-01","2026-12-31","2026-08-07","GF/000047/LOC/9919/08/2026",,"9919","Jakarta","60000000",,"2026-08-07","16:21:54","2026-08-07","17:37:12"
"563","1","3","PT. ASTAGUNA WISESA","2025-01-16","2025-01-16","2025-01-16","GF/000064/LOC/8001/01/2025",,"8001","Jakarta","15000000","SUPPORT NEW ITEM","2025-01-16","11:02:58","2026-08-10","17:07:50"
"262","1","3","PT. NIRWANA LESTARI","2026-04-15","2026-05-14","2026-05-09","GF/000122/LOC/8001/05/2026",,"8001","Jakarta","5000000",,"2026-05-09","11:27:09","2026-08-10","14:18:34"
"262","1","3","PT. NIRWANA LESTARI","2026-04-01","2026-06-30","2026-07-23","GF/000224/LOC/8001/07/2026",,"8001","Jakarta","15000000",,"2026-07-23","17:33:36","2026-08-10","12:06:51"
"262","1","3","PT. NIRWANA LESTARI","2026-07-01","2026-09-30","2026-08-10","GF/000240/LOC/8001/08/2026",,"8001","Jakarta","15000000",,"2026-08-10","12:14:43","2026-08-10","12:16:22"
"262","1","3","PT. NIRWANA LESTARI","2026-01-01","2026-12-31","2026-08-10","GF/000241/LOC/8001/08/2026",,"8001","Jakarta","110000000",,"2026-08-10","12:17:46","2026-08-10","12:19:06"
"262","1","3","PT. NIRWANA LESTARI","2026-04-28","2026-05-27","2026-08-10","GF/000242/LOC/8001/08/2026",,"8001","Jakarta","4000000",,"2026-08-10","12:20:07","2026-08-10","12:21:55"
"563","1","3","PT. ASTAGUNA WISESA","2025-01-16","2025-01-16","2025-01-16","GF/000064/LOC/8001/01/2025",,"8001","JAKARTA SELATAN","15000000","SUPPORT NEW ITEM","2025-01-16","11:02:58","2026-08-10","17:07:50"
"4261","1","3","PT. TIGARAKSA SATRIA TBK (JKT)","2026-05-01","2026-12-31","2026-04-24","GF/000016/LOC/8002/04/2026",,"8002","Jakarta","40000000",,"2026-04-24","12:14:11","2026-08-10","12:25:15"
"4261","1","3","PT. TIGARAKSA SATRIA TBK (JKT)","2026-05-01","2026-12-31","2026-04-24","GF/000003/LOC/8003/04/2026",,"8003","Jakarta","40000000",,"2026-04-24","11:57:58","2026-08-10","12:24:26"
"4261","1","3","PT. TIGARAKSA SATRIA TBK (JKT)","2026-05-01","2026-12-31","2026-04-24","GF/000002/LOC/8010/04/2026",,"8010","Jakarta","40000000",,"2026-04-24","13:09:41","2026-08-10","12:23:22"
"262","1","3","PT. NIRWANA LESTARI","2026-04-15","2026-05-14","2026-08-10","GF/000052/LOC/9912/08/2026",,"9912","Bali","4000000",,"2026-08-10","12:25:45","2026-08-10","12:27:31"
"2854","1","3","PT. SARANA ABADI MAKMUR BERSAMA(DF)","2026-08-11","2026-08-11","2026-08-11","FDF/000047/LOC/8001/08/2026",,"8001","Jakarta","35000000",,"2026-08-11","10:17:53","2026-08-11","10:27:18"
"4045","1","3","PT. ENSEVAL PUTERA MEGATRADING (LM)","2026-08-11","2026-08-11","2026-08-11","GF/000244/LOC/8001/08/2026",,"8001","Jakarta","7500000","SUPPORT NEW ITEM","2026-08-11","09:58:14","2026-08-11","09:59:04"
"319","1","3","PT. MITRA SARANA PURNAMA","2026-08-11","2026-08-11","2026-08-11","GF/000246/LOC/8001/08/2026",,"8001","Jakarta","5000000","SUPPORT NEW ITEM","2026-08-11","11:27:59","2026-08-11","11:28:54"
"508","1","3","PT. SUKANDA DJAYA","2026-08-11","2026-08-11","2026-08-11","GF/000247/LOC/8001/08/2026",,"8001","Jakarta","30000000","SUPPORT NEW ITEM","2026-08-11","14:04:44","2026-08-11","14:05:45"
"5805","1","3","PT. SARI AGROTAMA PERSADA","2026-11-01","2027-01-31","2026-08-11","GF/000248/LOC/8001/08/2026",,"8001","Jakarta","9000000",,"2026-08-11","14:26:33","2026-08-11","14:31:35"
"583","2","3","PT. PARIT PADANG GLOBAL","2026-08-10","2026-08-31","2026-08-10","GNF/000460/LOC/8001/08/2026",,"8001","Jakarta","1000000",,"2026-08-10","15:46:38","2026-08-11","09:39:51"
"1521","2","3","PT. PERFECT COMPANION INDONESIA","2026-09-01","2026-11-30","2026-08-11","GNF/000461/LOC/8001/08/2026",,"8001","Jakarta","12000000",,"2026-08-11","09:23:51","2026-08-11","09:24:59"
"2854","1","3","PT. SARANA ABADI MAKMUR BERSAMA(DF)","2026-08-11","2026-08-11","2026-08-11","FDF/000047/LOC/8001/08/2026",,"8001","JAKARTA SELATAN","35000000",,"2026-08-11","10:17:53","2026-08-11","10:27:18"
"5805","1","3","PT. SARI AGROTAMA PERSADA","2026-11-01","2027-01-31","2026-08-11","GF/000248/LOC/8001/08/2026",,"8001","JAKARTA SELATAN","9000000",,"2026-08-11","14:26:33","2026-08-11","14:31:35"
"583","2","3","PT. PARIT PADANG GLOBAL","2026-08-10","2026-08-31","2026-08-10","GNF/000460/LOC/8001/08/2026",,"8001","JAKARTA SELATAN","1000000",,"2026-08-10","15:46:38","2026-08-11","09:39:51"
"3451","1","3","PT. PANGAN LESTARI (KEWPIE/BALI)","2026-06-15","2026-12-15","2026-08-11","GF/000044/LOC/9901/08/2026",,"9901","Bali","25000000",,"2026-08-11","11:28:47","2026-08-11","12:13:40"
"3451","1","3","PT. PANGAN LESTARI (KEWPIE/BALI)","2026-06-15","2026-12-15","2026-08-11","GF/000044/LOC/9901/08/2026",,"9901","BALI","25000000",,"2026-08-11","11:28:47","2026-08-11","12:13:40"
"263","1","3","PT. MASUYA GRAHA TRIKENCANA","2026-08-16","2026-11-15","2026-08-11","GF/000119/LOC/9902/08/2026",,"9902","Jakarta","24000000",,"2026-08-11","14:17:01","2026-08-11","14:21:28"
"1303","2","3","PT. TIGARAKSA SATRIA TBK","2026-08-01","2026-10-31","2026-07-15","GNF/000113/LOC/9902/07/2026",,"9902","Jakarta","16000000",,"2026-07-15","18:16:56","2026-08-11","10:11:19"
"6067","1","3","PT. BALINA AGUNG PERKASA (NESTLE)","2026-09-01","2026-09-30","2026-08-11","GF/000113/LOC/9908/08/2026",,"9908","Jakarta","4000000",,"2026-08-11","14:34:21","2026-08-11","14:37:50"
"841","2","3","PT. ANTARMITRA SEMBADA","2026-09-01","2026-12-31","2026-08-11","GNF/000159/LOC/9908/08/2026",,"9908","Jakarta","16000000",,"2026-08-11","09:19:55","2026-08-11","09:22:00"
"3763","2","3","PT. CATUR SENTOSA ANUGERAH (PASEO)","2026-08-01","2026-09-30","2026-07-15","GNF/000075/LOC/9918/07/2026",,"9918","Jakarta","10000000",,"2026-07-15","18:51:07","2026-08-11","14:20:22"
"6064","2","3","PT. CATUR SENTOSA ANUGERAH","2026-07-08","2026-10-07","2026-07-16","GNF/000094/LOC/9920/07/2026",,"9920","Bali","21000000",,"2026-07-16","09:32:24","2026-08-11","09:02:00"
"6064","2","3","PT. CATUR SENTOSA ANUGERAH","2026-07-08","2026-10-07","2026-07-16","GNF/000095/LOC/9920/07/2026",,"9920","Bali","21000000",,"2026-07-16","09:33:50","2026-08-11","09:01:25"
"5994","2","3","PT. TANTRI DELTA UTAMA (ENESIS/MARKETAMA","2026-08-11","2026-08-31","2026-08-11","GNF/000106/LOC/9920/08/2026",,"9920","Bali","3000000",,"2026-08-11","10:46:55","2026-08-11","11:11:25"
"6064","2","3","PT. CATUR SENTOSA ANUGERAH","2026-07-08","2026-10-07","2026-07-16","GNF/000095/LOC/9920/07/2026",,"9920","BALI","21000000",,"2026-07-16","09:33:50","2026-08-11","09:01:25"
"5994","2","3","PT. TANTRI DELTA UTAMA (ENESIS/MARKETAMA","2026-08-11","2026-08-31","2026-08-11","GNF/000106/LOC/9920/08/2026",,"9920","BALI","3000000",,"2026-08-11","10:46:55","2026-08-11","11:11:25"
,,,,,,,,,,,,,,,,
,,,,,,,,,,,,,,,,
,,,,,,,,,,,,,,,,
,,,,,,,,,,,,,,,,
,,,,,,,,,,,,,,,,
,,,,,,,,,,,,,,,,
,,,,,,,,,,,,,,,,
,,,,,,,,,,,,,,,,
,,,,,,,,,,,,,,,,
,,,,,,,,,,,,,,,,
,,,,,,,,,,,,,,,,
,,,,,,,,,,,,,,,,
,,,,,,,,,,,,,,,,
,,,,,,,,,,,,,,,,
,,,,,,,,,,,,,,,,
,,,,,,,,,,,,,,,,
,,,,,,,,,,,,,,,,
,,,,,,,,,,,,,,,,
,,,,,,,,,,,,,,,,
,,,,,,,,,,,,,,,,
,,,,,,,,,,,,,,,,
,,,,,,,,,,,,,,,,
,,,,,,,,,,,,,,,,
,,,,,,,,,,,,,,,,
,,,,,,,,,,,,,,,,
,,,,,,,,,,,,,,,,
,,,,,,,,,,,,,,,,
,,,,,,,,,,,,,,,,
,,,,,,,,,,,,,,,,
,,,,,,,,,,,,,,,,
,,,,,,,,,,,,,,,,
,,,,,,,,,,,,,,,,
,,,,,,,,,,,,,,,,
,,,,,,,,,,,,,,,,
,,,,,,,,,,,,,,,,
,,,,,,,,,,,,,,,,
,,,,,,,,,,,,,,,,
,,,,,,,,,,,,,,,,
,,,,,,,,,,,,,,,,
,,,,,,,,,,,,,,,,
,,,,,,,,,,,,,,,,
,,,,,,,,,,,,,,,,
,,,,,,,,,,,,,,,,
,,,,,,,,,,,,,,,,
,,,,,,,,,,,,,,,,
,,,,,,,,,,,,,,,,
,,,,,,,,,,,,,,,,
,,,,,,,,,,,,,,,,
,,,,,,,,,,,,,,,,
,,,,,,,,,,,,,,,,
,,,,,,,,,,,,,,,,
,,,,,,,,,,,,,,,,
,,,,,,,,,,,,,,,,
,,,,,,,,,,,,,,,,
,,,,,,,,,,,,,,,,
,,,,,,,,,,,,,,,,
,,,,,,,,,,,,,,,,
,,,,,,,,,,,,,,,,
,,,,,,,,,,,,,,,,
,,,,,,,,,,,,,,,,
,,,,,,,,,,,,,,,,
,,,,,,,,,,,,,,,,
,,,,,,,,,,,,,,,,
,,,,,,,,,,,,,,,,
,,,,,,,,,,,,,,,,
,,,,,,,,,,,,,,,,
,,,,,,,,,,,,,,,,
,,,,,,,,,,,,,,,,
,,,,,,,,,,,,,,,,
,,,,,,,,,,,,,,,,
,,,,,,,,,,,,,,,,
,,,,,,,,,,,,,,,,
,,,,,,,,,,,,,,,,
,,,,,,,,,,,,,,,,
,,,,,,,,,,,,,,,,
,,,,,,,,,,,,,,,,
,,,,,,,,,,,,,,,,
,,,,,,,,,,,,,,,,
,,,,,,,,,,,,,,,,
,,,,,,,,,,,,,,,,
,,,,,,,,,,,,,,,,
,,,,,,,,,,,,,,,,
,,,,,,,,,,,,,,,,
,,,,,,,,,,,,,,,,
,,,,,,,,,,,,,,,,
,,,,,,,,,,,,,,,,
,,,,,,,,,,,,,,,,
,,,,,,,,,,,,,,,,
,,,,,,,,,,,,,,,,
,,,,,,,,,,,,,,,,
,,,,,,,,,,,,,,,,
,,,,,,,,,,,,,,,,
,,,,,,,,,,,,,,,,
,,,,,,,,,,,,,,,,
,,,,,,,,,,,,,,,,
,,,,,,,,,,,,,,,,
,,,,,,,,,,,,,,,,
,,,,,,,,,,,,,,,,
,,,,,,,,,,,,,,,,
,,,,,,,,,,,,,,,,
,,,,,,,,,,,,,,,,
,,,,,,,,,,,,,,,,
,,,,,,,,,,,,,,,,
,,,,,,,,,,,,,,,,
,,,,,,,,,,,,,,,,
,,,,,,,,,,,,,,,,
,,,,,,,,,,,,,,,,
,,,,,,,,,,,,,,,,
,,,,,,,,,,,,,,,,
,,,,,,,,,,,,,,,,
,,,,,,,,,,,,,,,,
,,,,,,,,,,,,,,,,
,,,,,,,,,,,,,,,,
,,,,,,,,,,,,,,,,
,,,,,,,,,,,,,,,,
,,,,,,,,,,,,,,,,
,,,,,,,,,,,,,,,,
,,,,,,,,,,,,,,,,
,,,,,,,,,,,,,,,,
,,,,,,,,,,,,,,,,
,,,,,,,,,,,,,,,,
,,,,,,,,,,,,,,,,
,,,,,,,,,,,,,,,,
,,,,,,,,,,,,,,,,
,,,,,,,,,,,,,,,,
,,,,,,,,,,,,,,,,
,,,,,,,,,,,,,,,,
,,,,,,,,,,,,,,,,
,,,,,,,,,,,,,,,,
,,,,,,,,,,,,,,,,
,,,,,,,,,,,,,,,,
,,,,,,,,,,,,,,,,
,,,,,,,,,,,,,,,,
,,,,,,,,,,,,,,,,
,,,,,,,,,,,,,,,,
,,,,,,,,,,,,,,,,
,,,,,,,,,,,,,,,,
,,,,,,,,,,,,,,,,
,,,,,,,,,,,,,,,,
,,,,,,,,,,,,,,,,
,,,,,,,,,,,,,,,,
,,,,,,,,,,,,,,,,
,,,,,,,,,,,,,,,,
,,,,,,,,,,,,,,,,
,,,,,,,,,,,,,,,,
,,,,,,,,,,,,,,,,
,,,,,,,,,,,,,,,,
,,,,,,,,,,,,,,,,
,,,,,,,,,,,,,,,,
,,,,,,,,,,,,,,,,
,,,,,,,,,,,,,,,,
,,,,,,,,,,,,,,,,
,,,,,,,,,,,,,,,,
,,,,,,,,,,,,,,,,
,,,,,,,,,,,,,,,,
,,,,,,,,,,,,,,,,
,,,,,,,,,,,,,,,,
,,,,,,,,,,,,,,,,
,,,,,,,,,,,,,,,,
,,,,,,,,,,,,,,,,
,,,,,,,,,,,,,,,,
,,,,,,,,,,,,,,,,
,,,,,,,,,,,,,,,,
,,,,,,,,,,,,,,,,
,,,,,,,,,,,,,,,,
,,,,,,,,,,,,,,,,
,,,,,,,,,,,,,,,,
,,,,,,,,,,,,,,,,
,,,,,,,,,,,,,,,,
,,,,,,,,,,,,,,,,
,,,,,,,,,,,,,,,,
,,,,,,,,,,,,,,,,
,,,,,,,,,,,,,,,,
,,,,,,,,,,,,,,,,
,,,,,,,,,,,,,,,,
,,,,,,,,,,,,,,,,
,,,,,,,,,,,,,,,,
,,,,,,,,,,,,,,,,
,,,,,,,,,,,,,,,,
,,,,,,,,,,,,,,,,
,,,,,,,,,,,,,,,,
,,,,,,,,,,,,,,,,
,,,,,,,,,,,,,,,,
,,,,,,,,,,,,,,,,
,,,,,,,,,,,,,,,,
,,,,,,,,,,,,,,,,
,,,,,,,,,,,,,,,,
,,,,,,,,,,,,,,,,
,,,,,,,,,,,,,,,,
,,,,,,,,,,,,,,,,
,,,,,,,,,,,,,,,,
,,,,,,,,,,,,,,,,
,,,,,,,,,,,,,,,,
,,,,,,,,,,,,,,,,
,,,,,,,,,,,,,,,,
,,,,,,,,,,,,,,,,
,,,,,,,,,,,,,,,,
,,,,,,,,,,,,,,,,
,,,,,,,,,,,,,,,,
,,,,,,,,,,,,,,,,
,,,,,,,,,,,,,,,,
,,,,,,,,,,,,,,,,
,,,,,,,,,,,,,,,,
,,,,,,,,,,,,,,,,
,,,,,,,,,,,,,,,,
,,,,,,,,,,,,,,,,
,,,,,,,,,,,,,,,,
,,,,,,,,,,,,,,,,
,,,,,,,,,,,,,,,,
,,,,,,,,,,,,,,,,
,,,,,,,,,,,,,,,,
,,,,,,,,,,,,,,,,
,,,,,,,,,,,,,,,,
,,,,,,,,,,,,,,,,
,,,,,,,,,,,,,,,,
,,,,,,,,,,,,,,,,
,,,,,,,,,,,,,,,,
,,,,,,,,,,,,,,,,
,,,,,,,,,,,,,,,,
,,,,,,,,,,,,,,,,
,,,,,,,,,,,,,,,,
,,,,,,,,,,,,,,,,
,,,,,,,,,,,,,,,,
,,,,,,,,,,,,,,,,
,,,,,,,,,,,,,,,,
,,,,,,,,,,,,,,,,
,,,,,,,,,,,,,,,,
,,,,,,,,,,,,,,,,
,,,,,,,,,,,,,,,,
,,,,,,,,,,,,,,,,
,,,,,,,,,,,,,,,,
,,,,,,,,,,,,,,,,
,,,,,,,,,,,,,,,,
,,,,,,,,,,,,,,,,
,,,,,,,,,,,,,,,,
,,,,,,,,,,,,,,,,
,,,,,,,,,,,,,,,,
,,,,,,,,,,,,,,,,
,,,,,,,,,,,,,,,,
,,,,,,,,,,,,,,,,
,,,,,,,,,,,,,,,,
,,,,,,,,,,,,,,,,
,,,,,,,,,,,,,,,,
,,,,,,,,,,,,,,,,
,,,,,,,,,,,,,,,,
,,,,,,,,,,,,,,,,
,,,,,,,,,,,,,,,,
,,,,,,,,,,,,,,,,
,,,,,,,,,,,,,,,,
,,,,,,,,,,,,,,,,
,,,,,,,,,,,,,,,,
,,,,,,,,,,,,,,,,
,,,,,,,,,,,,,,,,
,,,,,,,,,,,,,,,,
,,,,,,,,,,,,,,,,
,,,,,,,,,,,,,,,,
,,,,,,,,,,,,,,,,
,,,,,,,,,,,,,,,,
,,,,,,,,,,,,,,,,
,,,,,,,,,,,,,,,,
,,,,,,,,,,,,,,,,
,,,,,,,,,,,,,,,,
,,,,,,,,,,,,,,,,
,,,,,,,,,,,,,,,,
,,,,,,,,,,,,,,,,
,,,,,,,,,,,,,,,,
,,,,,,,,,,,,,,,,
,,,,,,,,,,,,,,,,
,,,,,,,,,,,,,,,,
,,,,,,,,,,,,,,,,
,,,,,,,,,,,,,,,,
,,,,,,,,,,,,,,,,
,,,,,,,,,,,,,,,,
,,,,,,,,,,,,,,,,
,,,,,,,,,,,,,,,,
,,,,,,,,,,,,,,,,
,,,,,,,,,,,,,,,,
,,,,,,,,,,,,,,,,
,,,,,,,,,,,,,,,,
,,,,,,,,,,,,,,,,
,,,,,,,,,,,,,,,,
,,,,,,,,,,,,,,,,
,,,,,,,,,,,,,,,,
,,,,,,,,,,,,,,,,
,,,,,,,,,,,,,,,,
,,,,,,,,,,,,,,,,
,,,,,,,,,,,,,,,,
,,,,,,,,,,,,,,,,
,,,,,,,,,,,,,,,,
,,,,,,,,,,,,,,,,
,,,,,,,,,,,,,,,,
,,,,,,,,,,,,,,,,
,,,,,,,,,,,,,,,,
,,,,,,,,,,,,,,,,
,,,,,,,,,,,,,,,,
,,,,,,,,,,,,,,,,
,,,,,,,,,,,,,,,,
,,,,,,,,,,,,,,,,
,,,,,,,,,,,,,,,,
,,,,,,,,,,,,,,,,
,,,,,,,,,,,,,,,,
,,,,,,,,,,,,,,,,
,,,,,,,,,,,,,,,,
,,,,,,,,,,,,,,,,
,,,,,,,,,,,,,,,,
,,,,,,,,,,,,,,,,
,,,,,,,,,,,,,,,,
,,,,,,,,,,,,,,,,
,,,,,,,,,,,,,,,,
,,,,,,,,,,,,,,,,
,,,,,,,,,,,,,,,,
,,,,,,,,,,,,,,,,
,,,,,,,,,,,,,,,,
,,,,,,,,,,,,,,,,
,,,,,,,,,,,,,,,,
,,,,,,,,,,,,,,,,
,,,,,,,,,,,,,,,,
,,,,,,,,,,,,,,,,
,,,,,,,,,,,,,,,,
,,,,,,,,,,,,,,,,
,,,,,,,,,,,,,,,,
,,,,,,,,,,,,,,,,
,,,,,,,,,,,,,,,,
,,,,,,,,,,,,,,,,
,,,,,,,,,,,,,,,,
,,,,,,,,,,,,,,,,
,,,,,,,,,,,,,,,,
,,,,,,,,,,,,,,,,
,,,,,,,,,,,,,,,,
,,,,,,,,,,,,,,,,
,,,,,,,,,,,,,,,,
,,,,,,,,,,,,,,,,
,,,,,,,,,,,,,,,,
,,,,,,,,,,,,,,,,
,,,,,,,,,,,,,,,,
,,,,,,,,,,,,,,,,
,,,,,,,,,,,,,,,,
,,,,,,,,,,,,,,,,
,,,,,,,,,,,,,,,,
,,,,,,,,,,,,,,,,
,,,,,,,,,,,,,,,,
,,,,,,,,,,,,,,,,
,,,,,,,,,,,,,,,,
,,,,,,,,,,,,,,,,
,,,,,,,,,,,,,,,,
,,,,,,,,,,,,,,,,
,,,,,,,,,,,,,,,,
,,,,,,,,,,,,,,,,
,,,,,,,,,,,,,,,,
,,,,,,,,,,,,,,,,
,,,,,,,,,,,,,,,,
,,,,,,,,,,,,,,,,
,,,,,,,,,,,,,,,,
,,,,,,,,,,,,,,,,
,,,,,,,,,,,,,,,,
,,,,,,,,,,,,,,,,
,,,,,,,,,,,,,,,,
,,,,,,,,,,,,,,,,
,,,,,,,,,,,,,,,,
,,,,,,,,,,,,,,,,
,,,,,,,,,,,,,,,,
,,,,,,,,,,,,,,,,
,,,,,,,,,,,,,,,,
,,,,,,,,,,,,,,,,
,,,,,,,,,,,,,,,,
,,,,,,,,,,,,,,,,
,,,,,,,,,,,,,,,,
,,,,,,,,,,,,,,,,
,,,,,,,,,,,,,,,,
,,,,,,,,,,,,,,,,
,,,,,,,,,,,,,,,,
,,,,,,,,,,,,,,,,
,,,,,,,,,,,,,,,,
,,,,,,,,,,,,,,,,
,,,,,,,,,,,,,,,,
,,,,,,,,,,,,,,,,
,,,,,,,,,,,,,,,,
,,,,,,,,,,,,,,,,
,,,,,,,,,,,,,,,,
,,,,,,,,,,,,,,,,
,,,,,,,,,,,,,,,,
,,,,,,,,,,,,,,,,
,,,,,,,,,,,,,,,,
,,,,,,,,,,,,,,,,
,,,,,,,,,,,,,,,,
,,,,,,,,,,,,,,,,
,,,,,,,,,,,,,,,,
,,,,,,,,,,,,,,,,
,,,,,,,,,,,,,,,,
,,,,,,,,,,,,,,,,
,,,,,,,,,,,,,,,,
,,,,,,,,,,,,,,,,
,,,,,,,,,,,,,,,,
,,,,,,,,,,,,,,,,
,,,,,,,,,,,,,,,,
,,,,,,,,,,,,,,,,
,,,,,,,,,,,,,,,,
,,,,,,,,,,,,,,,,
,,,,,,,,,,,,,,,,
,,,,,,,,,,,,,,,,
,,,,,,,,,,,,,,,,
,,,,,,,,,,,,,,,,
,,,,,,,,,,,,,,,,
,,,,,,,,,,,,,,,,
,,,,,,,,,,,,,,,,
,,,,,,,,,,,,,,,,
,,,,,,,,,,,,,,,,
,,,,,,,,,,,,,,,,
,,,,,,,,,,,,,,,,
,,,,,,,,,,,,,,,,
,,,,,,,,,,,,,,,,
,,,,,,,,,,,,,,,,
,,,,,,,,,,,,,,,,
,,,,,,,,,,,,,,,,
,,,,,,,,,,,,,,,,
,,,,,,,,,,,,,,,,
,,,,,,,,,,,,,,,,
,,,,,,,,,,,,,,,,
,,,,,,,,,,,,,,,,
,,,,,,,,,,,,,,,,
,,,,,,,,,,,,,,,,
,,,,,,,,,,,,,,,,
,,,,,,,,,,,,,,,,
,,,,,,,,,,,,,,,,
,,,,,,,,,,,,,,,,
,,,,,,,,,,,,,,,,
,,,,,,,,,,,,,,,,
,,,,,,,,,,,,,,,,
,,,,,,,,,,,,,,,,
,,,,,,,,,,,,,,,,
,,,,,,,,,,,,,,,,
,,,,,,,,,,,,,,,,
,,,,,,,,,,,,,,,,
,,,,,,,,,,,,,,,,
,,,,,,,,,,,,,,,,
,,,,,,,,,,,,,,,,
,,,,,,,,,,,,,,,,
,,,,,,,,,,,,,,,,
,,,,,,,,,,,,,,,,
,,,,,,,,,,,,,,,,
,,,,,,,,,,,,,,,,
,,,,,,,,,,,,,,,,
,,,,,,,,,,,,,,,,
,,,,,,,,,,,,,,,,
,,,,,,,,,,,,,,,,
,,,,,,,,,,,,,,,,
,,,,,,,,,,,,,,,,
,,,,,,,,,,,,,,,,
,,,,,,,,,,,,,,,,
,,,,,,,,,,,,,,,,
,,,,,,,,,,,,,,,,
,,,,,,,,,,,,,,,,
,,,,,,,,,,,,,,,,
,,,,,,,,,,,,,,,,
,,,,,,,,,,,,,,,,
,,,,,,,,,,,,,,,,
,,,,,,,,,,,,,,,,
,,,,,,,,,,,,,,,,
,,,,,,,,,,,,,,,,
,,,,,,,,,,,,,,,,
,,,,,,,,,,,,,,,,
,,,,,,,,,,,,,,,,
,,,,,,,,,,,,,,,,
,,,,,,,,,,,,,,,,
,,,,,,,,,,,,,,,,
,,,,,,,,,,,,,,,,
,,,,,,,,,,,,,,,,
,,,,,,,,,,,,,,,,
,,,,,,,,,,,,,,,,
,,,,,,,,,,,,,,,,
,,,,,,,,,,,,,,,,
,,,,,,,,,,,,,,,,
,,,,,,,,,,,,,,,,
,,,,,,,,,,,,,,,,
,,,,,,,,,,,,,,,,
,,,,,,,,,,,,,,,,
,,,,,,,,,,,,,,,,
,,,,,,,,,,,,,,,,
,,,,,,,,,,,,,,,,
,,,,,,,,,,,,,,,,
,,,,,,,,,,,,,,,,
,,,,,,,,,,,,,,,,
,,,,,,,,,,,,,,,,
,,,,,,,,,,,,,,,,
,,,,,,,,,,,,,,,,
,,,,,,,,,,,,,,,,
,,,,,,,,,,,,,,,,
,,,,,,,,,,,,,,,,
,,,,,,,,,,,,,,,,
,,,,,,,,,,,,,,,,
,,,,,,,,,,,,,,,,
,,,,,,,,,,,,,,,,
,,,,,,,,,,,,,,,,
,,,,,,,,,,,,,,,,
,,,,,,,,,,,,,,,,
,,,,,,,,,,,,,,,,
,,,,,,,,,,,,,,,,
,,,,,,,,,,,,,,,,
,,,,,,,,,,,,,,,,
,,,,,,,,,,,,,,,,
,,,,,,,,,,,,,,,,
,,,,,,,,,,,,,,,,
,,,,,,,,,,,,,,,,
,,,,,,,,,,,,,,,,
,,,,,,,,,,,,,,,,
,,,,,,,,,,,,,,,,
,,,,,,,,,,,,,,,,
,,,,,,,,,,,,,,,,
,,,,,,,,,,,,,,,,
,,,,,,,,,,,,,,,,
,,,,,,,,,,,,,,,,
,,,,,,,,,,,,,,,,
,,,,,,,,,,,,,,,,
,,,,,,,,,,,,,,,,
,,,,,,,,,,,,,,,,
,,,,,,,,,,,,,,,,
,,,,,,,,,,,,,,,,
,,,,,,,,,,,,,,,,
,,,,,,,,,,,,,,,,
,,,,,,,,,,,,,,,,
,,,,,,,,,,,,,,,,
,,,,,,,,,,,,,,,,
,,,,,,,,,,,,,,,,
,,,,,,,,,,,,,,,,
,,,,,,,,,,,,,,,,
,,,,,,,,,,,,,,,,
,,,,,,,,,,,,,,,,
,,,,,,,,,,,,,,,,
,,,,,,,,,,,,,,,,
,,,,,,,,,,,,,,,,
,,,,,,,,,,,,,,,,
,,,,,,,,,,,,,,,,
,,,,,,,,,,,,,,,,
,,,,,,,,,,,,,,,,
,,,,,,,,,,,,,,,,
,,,,,,,,,,,,,,,,
,,,,,,,,,,,,,,,,
,,,,,,,,,,,,,,,,
,,,,,,,,,,,,,,,,
,,,,,,,,,,,,,,,,
,,,,,,,,,,,,,,,,
,,,,,,,,,,,,,,,,
,,,,,,,,,,,,,,,,
,,,,,,,,,,,,,,,,
,,,,,,,,,,,,,,,,
,,,,,,,,,,,,,,,,
,,,,,,,,,,,,,,,,
,,,,,,,,,,,,,,,,
,,,,,,,,,,,,,,,,
,,,,,,,,,,,,,,,,
,,,,,,,,,,,,,,,,
,,,,,,,,,,,,,,,,
,,,,,,,,,,,,,,,,
,,,,,,,,,,,,,,,,
,,,,,,,,,,,,,,,,
,,,,,,,,,,,,,,,,
,,,,,,,,,,,,,,,,
,,,,,,,,,,,,,,,,
,,,,,,,,,,,,,,,,
,,,,,,,,,,,,,,,,
,,,,,,,,,,,,,,,,
,,,,,,,,,,,,,,,,
,,,,,,,,,,,,,,,,
,,,,,,,,,,,,,,,,
,,,,,,,,,,,,,,,,
,,,,,,,,,,,,,,,,
,,,,,,,,,,,,,,,,
,,,,,,,,,,,,,,,,
,,,,,,,,,,,,,,,,
,,,,,,,,,,,,,,,,
,,,,,,,,,,,,,,,,
,,,,,,,,,,,,,,,,
,,,,,,,,,,,,,,,,
,,,,,,,,,,,,,,,,
,,,,,,,,,,,,,,,,
,,,,,,,,,,,,,,,,
,,,,,,,,,,,,,,,,
,,,,,,,,,,,,,,,,
,,,,,,,,,,,,,,,,
,,,,,,,,,,,,,,,,
,,,,,,,,,,,,,,,,
,,,,,,,,,,,,,,,,
,,,,,,,,,,,,,,,,
,,,,,,,,,,,,,,,,
,,,,,,,,,,,,,,,,
,,,,,,,,,,,,,,,,
,,,,,,,,,,,,,,,,
,,,,,,,,,,,,,,,,
,,,,,,,,,,,,,,,,
,,,,,,,,,,,,,,,,
,,,,,,,,,,,,,,,,
,,,,,,,,,,,,,,,,
,,,,,,,,,,,,,,,,
,,,,,,,,,,,,,,,,
,,,,,,,,,,,,,,,,
,,,,,,,,,,,,,,,,
,,,,,,,,,,,,,,,,
,,,,,,,,,,,,,,,,
,,,,,,,,,,,,,,,,
,,,,,,,,,,,,,,,,
,,,,,,,,,,,,,,,,
,,,,,,,,,,,,,,,,
,,,,,,,,,,,,,,,,
,,,,,,,,,,,,,,,,
,,,,,,,,,,,,,,,,
,,,,,,,,,,,,,,,,
,,,,,,,,,,,,,,,,
,,,,,,,,,,,,,,,,
,,,,,,,,,,,,,,,,
,,,,,,,,,,,,,,,,
,,,,,,,,,,,,,,,,
,,,,,,,,,,,,,,,,
,,,,,,,,,,,,,,,,
,,,,,,,,,,,,,,,,
,,,,,,,,,,,,,,,,
,,,,,,,,,,,,,,,,
,,,,,,,,,,,,,,,,
,,,,,,,,,,,,,,,,
,,,,,,,,,,,,,,,,
,,,,,,,,,,,,,,,,
,,,,,,,,,,,,,,,,
,,,,,,,,,,,,,,,,
,,,,,,,,,,,,,,,,
,,,,,,,,,,,,,,,,
,,,,,,,,,,,,,,,,
,,,,,,,,,,,,,,,,
,,,,,,,,,,,,,,,,
,,,,,,,,,,,,,,,,
,,,,,,,,,,,,,,,,
,,,,,,,,,,,,,,,,
,,,,,,,,,,,,,,,,
,,,,,,,,,,,,,,,,
,,,,,,,,,,,,,,,,
,,,,,,,,,,,,,,,,
,,,,,,,,,,,,,,,,
,,,,,,,,,,,,,,,,
,,,,,,,,,,,,,,,,
,,,,,,,,,,,,,,,,
,,,,,,,,,,,,,,,,
,,,,,,,,,,,,,,,,
,,,,,,,,,,,,,,,,
,,,,,,,,,,,,,,,,
,,,,,,,,,,,,,,,,
,,,,,,,,,,,,,,,,
,,,,,,,,,,,,,,,,
,,,,,,,,,,,,,,,,
,,,,,,,,,,,,,,,,
,,,,,,,,,,,,,,,,
,,,,,,,,,,,,,,,,
,,,,,,,,,,,,,,,,
,,,,,,,,,,,,,,,,
,,,,,,,,,,,,,,,,
,,,,,,,,,,,,,,,,
,,,,,,,,,,,,,,,,
,,,,,,,,,,,,,,,,
,,,,,,,,,,,,,,,,
,,,,,,,,,,,,,,,,
,,,,,,,,,,,,,,,,
,,,,,,,,,,,,,,,,
,,,,,,,,,,,,,,,,
,,,,,,,,,,,,,,,,
,,,,,,,,,,,,,,,,
,,,,,,,,,,,,,,,,
,,,,,,,,,,,,,,,,
,,,,,,,,,,,,,,,,
,,,,,,,,,,,,,,,,
,,,,,,,,,,,,,,,,
,,,,,,,,,,,,,,,,
,,,,,,,,,,,,,,,,
,,,,,,,,,,,,,,,,
,,,,,,,,,,,,,,,,
,,,,,,,,,,,,,,,,
,,,,,,,,,,,,,,,,
,,,,,,,,,,,,,,,,
,,,,,,,,,,,,,,,,
,,,,,,,,,,,,,,,,
,,,,,,,,,,,,,,,,
,,,,,,,,,,,,,,,,
,,,,,,,,,,,,,,,,
,,,,,,,,,,,,,,,,
,,,,,,,,,,,,,,,,
,,,,,,,,,,,,,,,,
,,,,,,,,,,,,,,,,
,,,,,,,,,,,,,,,,
,,,,,,,,,,,,,,,,
,,,,,,,,,,,,,,,,
,,,,,,,,,,,,,,,,
,,,,,,,,,,,,,,,,
,,,,,,,,,,,,,,,,
,,,,,,,,,,,,,,,,
,,,,,,,,,,,,,,,,
,,,,,,,,,,,,,,,,
,,,,,,,,,,,,,,,,
,,,,,,,,,,,,,,,,
,,,,,,,,,,,,,,,,
,,,,,,,,,,,,,,,,
,,,,,,,,,,,,,,,,
,,,,,,,,,,,,,,,,
,,,,,,,,,,,,,,,,
,,,,,,,,,,,,,,,,
,,,,,,,,,,,,,,,,
,,,,,,,,,,,,,,,,
,,,,,,,,,,,,,,,,
,,,,,,,,,,,,,,,,
,,,,,,,,,,,,,,,,
,,,,,,,,,,,,,,,,
,,,,,,,,,,,,,,,,
,,,,,,,,,,,,,,,,
,,,,,,,,,,,,,,,,
,,,,,,,,,,,,,,,,
,,,,,,,,,,,,,,,,
,,,,,,,,,,,,,,,,
,,,,,,,,,,,,,,,,
,,,,,,,,,,,,,,,,
,,,,,,,,,,,,,,,,
,,,,,,,,,,,,,,,,
,,,,,,,,,,,,,,,,
,,,,,,,,,,,,,,,,
,,,,,,,,,,,,,,,,
,,,,,,,,,,,,,,,,
,,,,,,,,,,,,,,,,
,,,,,,,,,,,,,,,,
,,,,,,,,,,,,,,,,
,,,,,,,,,,,,,,,,
,,,,,,,,,,,,,,,,
,,,,,,,,,,,,,,,,
,,,,,,,,,,,,,,,,
,,,,,,,,,,,,,,,,
,,,,,,,,,,,,,,,,
,,,,,,,,,,,,,,,,
,,,,,,,,,,,,,,,,
,,,,,,,,,,,,,,,,
,,,,,,,,,,,,,,,,
,,,,,,,,,,,,,,,,
,,,,,,,,,,,,,,,,
,,,,,,,,,,,,,,,,
,,,,,,,,,,,,,,,,
,,,,,,,,,,,,,,,,
,,,,,,,,,,,,,,,,
,,,,,,,,,,,,,,,,
,,,,,,,,,,,,,,,,
,,,,,,,,,,,,,,,,
,,,,,,,,,,,,,,,,
,,,,,,,,,,,,,,,,
,,,,,,,,,,,,,,,,
,,,,,,,,,,,,,,,,
,,,,,,,,,,,,,,,,
,,,,,,,,,,,,,,,,
,,,,,,,,,,,,,,,,
,,,,,,,,,,,,,,,,
,,,,,,,,,,,,,,,,
,,,,,,,,,,,,,,,,
,,,,,,,,,,,,,,,,
,,,,,,,,,,,,,,,,
,,,,,,,,,,,,,,,,
,,,,,,,,,,,,,,,,
,,,,,,,,,,,,,,,,
,,,,,,,,,,,,,,,,
,,,,,,,,,,,,,,,,
,,,,,,,,,,,,,,,,
,,,,,,,,,,,,,,,,
,,,,,,,,,,,,,,,,
,,,,,,,,,,,,,,,,
,,,,,,,,,,,,,,,,
,,,,,,,,,,,,,,,,
,,,,,,,,,,,,,,,,
,,,,,,,,,,,,,,,,
,,,,,,,,,,,,,,,,
,,,,,,,,,,,,,,,,
,,,,,,,,,,,,,,,,
,,,,,,,,,,,,,,,,
,,,,,,,,,,,,,,,,
,,,,,,,,,,,,,,,,
,,,,,,,,,,,,,,,,
,,,,,,,,,,,,,,,,
,,,,,,,,,,,,,,,,
,,,,,,,,,,,,,,,,
,,,,,,,,,,,,,,,,
,,,,,,,,,,,,,,,,
,,,,,,,,,,,,,,,,
,,,,,,,,,,,,,,,,
,,,,,,,,,,,,,,,,
,,,,,,,,,,,,,,,,
,,,,,,,,,,,,,,,,
,,,,,,,,,,,,,,,,
,,,,,,,,,,,,,,,,
,,,,,,,,,,,,,,,,
,,,,,,,,,,,,,,,,
,,,,,,,,,,,,,,,,
,,,,,,,,,,,,,,,,
,,,,,,,,,,,,,,,,
,,,,,,,,,,,,,,,,
,,,,,,,,,,,,,,,,
,,,,,,,,,,,,,,,,
,,,,,,,,,,,,,,,,
,,,,,,,,,,,,,,,,
,,,,,,,,,,,,,,,,
,,,,,,,,,,,,,,,,
,,,,,,,,,,,,,,,,
,,,,,,,,,,,,,,,,
,,,,,,,,,,,,,,,,
,,,,,,,,,,,,,,,,
,,,,,,,,,,,,,,,,
,,,,,,,,,,,,,,,,
,,,,,,,,,,,,,,,,
,,,,,,,,,,,,,,,,
,,,,,,,,,,,,,,,,
,,,,,,,,,,,,,,,,
,,,,,,,,,,,,,,,,
,,,,,,,,,,,,,,,,
,,,,,,,,,,,,,,,,
,,,,,,,,,,,,,,,,
,,,,,,,,,,,,,,,,
,,,,,,,,,,,,,,,,
,,,,,,,,,,,,,,,,
,,,,,,,,,,,,,,,,
,,,,,,,,,,,,,,,,
,,,,,,,,,,,,,,,,
,,,,,,,,,,,,,,,,
,,,,,,,,,,,,,,,,
,,,,,,,,,,,,,,,,
,,,,,,,,,,,,,,,,
,,,,,,,,,,,,,,,,
,,,,,,,,,,,,,,,,
,,,,,,,,,,,,,,,,
,,,,,,,,,,,,,,,,
,,,,,,,,,,,,,,,,
,,,,,,,,,,,,,,,,
,,,,,,,,,,,,,,,,
,,,,,,,,,,,,,,,,
,,,,,,,,,,,,,,,,
,,,,,,,,,,,,,,,,
,,,,,,,,,,,,,,,,
,,,,,,,,,,,,,,,,
,,,,,,,,,,,,,,,,
,,,,,,,,,,,,,,,,
,,,,,,,,,,,,,,,,
,,,,,,,,,,,,,,,,
,,,,,,,,,,,,,,,,
,,,,,,,,,,,,,,,,
,,,,,,,,,,,,,,,,
,,,,,,,,,,,,,,,,
,,,,,,,,,,,,,,,,
,,,,,,,,,,,,,,,,
,,,,,,,,,,,,,,,,
,,,,,,,,,,,,,,,,
,,,,,,,,,,,,,,,,
,,,,,,,,,,,,,,,,
,,,,,,,,,,,,,,,,
,,,,,,,,,,,,,,,,
,,,,,,,,,,,,,,,,
,,,,,,,,,,,,,,,,
,,,,,,,,,,,,,,,,
,,,,,,,,,,,,,,,,
,,,,,,,,,,,,,,,,
,,,,,,,,,,,,,,,,
,,,,,,,,,,,,,,,,
,,,,,,,,,,,,,,,,
,,,,,,,,,,,,,,,,
,,,,,,,,,,,,,,,,
,,,,,,,,,,,,,,,,
,,,,,,,,,,,,,,,,
,,,,,,,,,,,,,,,,
,,,,,,,,,,,,,,,,
,,,,,,,,,,,,,,,,
,,,,,,,,,,,,,,,,
,,,,,,,,,,,,,,,,
,,,,,,,,,,,,,,,,
,,,,,,,,,,,,,,,,
,,,,,,,,,,,,,,,,
,,,,,,,,,,,,,,,,
,,,,,,,,,,,,,,,,
,,,,,,,,,,,,,,,,
,,,,,,,,,,,,,,,,
,,,,,,,,,,,,,,,,
,,,,,,,,,,,,,,,,
,,,,,,,,,,,,,,,,
,,,,,,,,,,,,,,,,
,,,,,,,,,,,,,,,,
,,,,,,,,,,,,,,,,
,,,,,,,,,,,,,,,,
,,,,,,,,,,,,,,,,
,,,,,,,,,,,,,,,,
,,,,,,,,,,,,,,,,
,,,,,,,,,,,,,,,,
,,,,,,,,,,,,,,,,
,,,,,,,,,,,,,,,,
,,,,,,,,,,,,,,,,
,,,,,,,,,,,,,,,,
,,,,,,,,,,,,,,,,
,,,,,,,,,,,,,,,,
,,,,,,,,,,,,,,,,
,,,,,,,,,,,,,,,,
,,,,,,,,,,,,,,,,
,,,,,,,,,,,,,,,,
,,,,,,,,,,,,,,,,
,,,,,,,,,,,,,,,,
,,,,,,,,,,,,,,,,
,,,,,,,,,,,,,,,,
,,,,,,,,,,,,,,,,
,,,,,,,,,,,,,,,,
,,,,,,,,,,,,,,,,
,,,,,,,,,,,,,,,,
,,,,,,,,,,,,,,,,
,,,,,,,,,,,,,,,,
,,,,,,,,,,,,,,,,
,,,,,,,,,,,,,,,,
,,,,,,,,,,,,,,,,
,,,,,,,,,,,,,,,,
,,,,,,,,,,,,,,,,
,,,,,,,,,,,,,,,,
,,,,,,,,,,,,,,,,
,,,,,,,,,,,,,,,,
,,,,,,,,,,,,,,,,
,,,,,,,,,,,,,,,,
,,,,,,,,,,,,,,,,
,,,,,,,,,,,,,,,,
,,,,,,,,,,,,,,,,
,,,,,,,,,,,,,,,,
,,,,,,,,,,,,,,,,
,,,,,,,,,,,,,,,,
,,,,,,,,,,,,,,,,
,,,,,,,,,,,,,,,,
,,,,,,,,,,,,,,,,
,,,,,,,,,,,,,,,,
,,,,,,,,,,,,,,,,
,,,,,,,,,,,,,,,,
,,,,,,,,,,,,,,,,
,,,,,,,,,,,,,,,,
,,,,,,,,,,,,,,,,
,,,,,,,,,,,,,,,,
,,,,,,,,,,,,,,,,
,,,,,,,,,,,,,,,,
,,,,,,,,,,,,,,,,
,,,,,,,,,,,,,,,,
,,,,,,,,,,,,,,,,
,,,,,,,,,,,,,,,,
,,,,,,,,,,,,,,,,
,,,,,,,,,,,,,,,,
,,,,,,,,,,,,,,,,
,,,,,,,,,,,,,,,,
,,,,,,,,,,,,,,,,
,,,,,,,,,,,,,,,,
,,,,,,,,,,,,,,,,
,,,,,,,,,,,,,,,,
,,,,,,,,,,,,,,,,
,,,,,,,,,,,,,,,,
,,,,,,,,,,,,,,,,
,,,,,,,,,,,,,,,,
,,,,,,,,,,,,,,,,
,,,,,,,,,,,,,,,,
,,,,,,,,,,,,,,,,
,,,,,,,,,,,,,,,,
,,,,,,,,,,,,,,,,
,,,,,,,,,,,,,,,,
,,,,,,,,,,,,,,,,
,,,,,,,,,,,,,,,,
,,,,,,,,,,,,,,,,
,,,,,,,,,,,,,,,,
,,,,,,,,,,,,,,,,
,,,,,,,,,,,,,,,,
,,,,,,,,,,,,,,,,
,,,,,,,,,,,,,,,,
,,,,,,,,,,,,,,,,
,,,,,,,,,,,,,,,,
,,,,,,,,,,,,,,,,
,,,,,,,,,,,,,,,,
,,,,,,,,,,,,,,,,
,,,,,,,,,,,,,,,,
,,,,,,,,,,,,,,,,
,,,,,,,,,,,,,,,,
,,,,,,,,,,,,,,,,
,,,,,,,,,,,,,,,,
,,,,,,,,,,,,,,,,
,,,,,,,,,,,,,,,,
,,,,,,,,,,,,,,,,
,,,,,,,,,,,,,,,,
,,,,,,,,,,,,,,,,
,,,,,,,,,,,,,,,,
,,,,,,,,,,,,,,,,
,,,,,,,,,,,,,,,,
,,,,,,,,,,,,,,,,
,,,,,,,,,,,,,,,,
,,,,,,,,,,,,,,,,
,,,,,,,,,,,,,,,,
,,,,,,,,,,,,,,,,
,,,,,,,,,,,,,,,,
,,,,,,,,,,,,,,,,
,,,,,,,,,,,,,,,,
,,,,,,,,,,,,,,,,
,,,,,,,,,,,,,,,,
,,,,,,,,,,,,,,,,
,,,,,,,,,,,,,,,,
,,,,,,,,,,,,,,,,
,,,,,,,,,,,,,,,,
,,,,,,,,,,,,,,,,
,,,,,,,,,,,,,,,,
,,,,,,,,,,,,,,,,
,,,,,,,,,,,,,,,,
,,,,,,,,,,,,,,,,
,,,,,,,,,,,,,,,,
,,,,,,,,,,,,,,,,
,,,,,,,,,,,,,,,,
,,,,,,,,,,,,,,,,
,,,,,,,,,,,,,,,,
,,,,,,,,,,,,,,,,
,,,,,,,,,,,,,,,,
,,,,,,,,,,,,,,,,
,,,,,,,,,,,,,,,,
,,,,,,,,,,,,,,,,
,,,,,,,,,,,,,,,,
,,,,,,,,,,,,,,,,
,,,,,,,,,,,,,,,,
,,,,,,,,,,,,,,,,
,,,,,,,,,,,,,,,,
,,,,,,,,,,,,,,,,
,,,,,,,,,,,,,,,,
,,,,,,,,,,,,,,,,
,,,,,,,,,,,,,,,,
,,,,,,,,,,,,,,,,
,,,,,,,,,,,,,,,,
,,,,,,,,,,,,,,,,
,,,,,,,,,,,,,,,,
,,,,,,,,,,,,,,,,
,,,,,,,,,,,,,,,,
,,,,,,,,,,,,,,,,
,,,,,,,,,,,,,,,,
,,,,,,,,,,,,,,,,
,,,,,,,,,,,,,,,,
,,,,,,,,,,,,,,,,
,,,,,,,,,,,,,,,,
,,,,,,,,,,,,,,,,
,,,,,,,,,,,,,,,,
,,,,,,,,,,,,,,,,
,,,,,,,,,,,,,,,,
,,,,,,,,,,,,,,,,
,,,,,,,,,,,,,,,,
,,,,,,,,,,,,,,,,
,,,,,,,,,,,,,,,,
,,,,,,,,,,,,,,,,
,,,,,,,,,,,,,,,,
,,,,,,,,,,,,,,,,
,,,,,,,,,,,,,,,,
,,,,,,,,,,,,,,,,
,,,,,,,,,,,,,,,,
,,,,,,,,,,,,,,,,
,,,,,,,,,,,,,,,,
,,,,,,,,,,,,,,,,
,,,,,,,,,,,,,,,,
,,,,,,,,,,,,,,,,
,,,,,,,,,,,,,,,,
,,,,,,,,,,,,,,,,
,,,,,,,,,,,,,,,,
,,,,,,,,,,,,,,,,
,,,,,,,,,,,,,,,,
,,,,,,,,,,,,,,,,
,,,,,,,,,,,,,,,,
,,,,,,,,,,,,,,,,
,,,,,,,,,,,,,,,,
,,,,,,,,,,,,,,,,
,,,,,,,,,,,,,,,,
,,,,,,,,,,,,,,,,
,,,,,,,,,,,,,,,,
,,,,,,,,,,,,,,,,
,,,,,,,,,,,,,,,,
,,,,,,,,,,,,,,,,
,,,,,,,,,,,,,,,,
,,,,,,,,,,,,,,,,
,,,,,,,,,,,,,,,,
,,,,,,,,,,,,,,,,
,,,,,,,,,,,,,,,,
,,,,,,,,,,,,,,,,
,,,,,,,,,,,,,,,,
,,,,,,,,,,,,,,,,
,,,,,,,,,,,,,,,,
,,,,,,,,,,,,,,,,
,,,,,,,,,,,,,,,,
,,,,,,,,,,,,,,,,
,,,,,,,,,,,,,,,,
,,,,,,,,,,,,,,,,
,,,,,,,,,,,,,,,,
,,,,,,,,,,,,,,,,
,,,,,,,,,,,,,,,,
,,,,,,,,,,,,,,,,
,,,,,,,,,,,,,,,,
,,,,,,,,,,,,,,,,
,,,,,,,,,,,,,,,,
,,,,,,,,,,,,,,,,
,,,,,,,,,,,,,,,,
,,,,,,,,,,,,,,,,
,,,,,,,,,,,,,,,,
,,,,,,,,,,,,,,,,
,,,,,,,,,,,,,,,,
,,,,,,,,,,,,,,,,
,,,,,,,,,,,,,,,,
,,,,,,,,,,,,,,,,
,,,,,,,,,,,,,,,,
,,,,,,,,,,,,,,,,
,,,,,,,,,,,,,,,,
,,,,,,,,,,,,,,,,
,,,,,,,,,,,,,,,,
,,,,,,,,,,,,,,,,
,,,,,,,,,,,,,,,,
,,,,,,,,,,,,,,,,
,,,,,,,,,,,,,,,,
,,,,,,,,,,,,,,,,
,,,,,,,,,,,,,,,,
,,,,,,,,,,,,,,,,
,,,,,,,,,,,,,,,,
,,,,,,,,,,,,,,,,
,,,,,,,,,,,,,,,,
,,,,,,,,,,,,,,,,
,,,,,,,,,,,,,,,,
,,,,,,,,,,,,,,,,
,,,,,,,,,,,,,,,,
,,,,,,,,,,,,,,,,
,,,,,,,,,,,,,,,,
,,,,,,,,,,,,,,,,
,,,,,,,,,,,,,,,,
,,,,,,,,,,,,,,,,
,,,,,,,,,,,,,,,,
,,,,,,,,,,,,,,,,
,,,,,,,,,,,,,,,,
,,,,,,,,,,,,,,,,
,,,,,,,,,,,,,,,,
,,,,,,,,,,,,,,,,
,,,,,,,,,,,,,,,,
,,,,,,,,,,,,,,,,
,,,,,,,,,,,,,,,,
,,,,,,,,,,,,,,,,
,,,,,,,,,,,,,,,,
,,,,,,,,,,,,,,,,
,,,,,,,,,,,,,,,,
,,,,,,,,,,,,,,,,
,,,,,,,,,,,,,,,,
,,,,,,,,,,,,,,,,
,,,,,,,,,,,,,,,,
,,,,,,,,,,,,,,,,
,,,,,,,,,,,,,,,,
,,,,,,,,,,,,,,,,
,,,,,,,,,,,,,,,,
,,,,,,,,,,,,,,,,
,,,,,,,,,,,,,,,,
,,,,,,,,,,,,,,,,
,,,,,,,,,,,,,,,,
,,,,,,,,,,,,,,,,
,,,,,,,,,,,,,,,,
,,,,,,,,,,,,,,,,
,,,,,,,,,,,,,,,,
,,,,,,,,,,,,,,,,
,,,,,,,,,,,,,,,,
,,,,,,,,,,,,,,,,
,,,,,,,,,,,,,,,,
,,,,,,,,,,,,,,,,
,,,,,,,,,,,,,,,,
,,,,,,,,,,,,,,,,
,,,,,,,,,,,,,,,,
,,,,,,,,,,,,,,,,
,,,,,,,,,,,,,,,,
,,,,,,,,,,,,,,,,
,,,,,,,,,,,,,,,,
,,,,,,,,,,,,,,,,
,,,,,,,,,,,,,,,,
,,,,,,,,,,,,,,,,
,,,,,,,,,,,,,,,,
,,,,,,,,,,,,,,,,
,,,,,,,,,,,,,,,,
,,,,,,,,,,,,,,,,
,,,,,,,,,,,,,,,,
,,,,,,,,,,,,,,,,
,,,,,,,,,,,,,,,,
,,,,,,,,,,,,,,,,
,,,,,,,,,,,,,,,,
,,,,,,,,,,,,,,,,
,,,,,,,,,,,,,,,,
,,,,,,,,,,,,,,,,
,,,,,,,,,,,,,,,,
,,,,,,,,,,,,,,,,
,,,,,,,,,,,,,,,,
,,,,,,,,,,,,,,,,
,,,,,,,,,,,,,,,,
,,,,,,,,,,,,,,,,
,,,,,,,,,,,,,,,,
,,,,,,,,,,,,,,,,
,,,,,,,,,,,,,,,,
,,,,,,,,,,,,,,,,
,,,,,,,,,,,,,,,,
,,,,,,,,,,,,,,,,
,,,,,,,,,,,,,,,,
,,,,,,,,,,,,,,,,
,,,,,,,,,,,,,,,,
,,,,,,,,,,,,,,,,
,,,,,,,,,,,,,,,,
,,,,,,,,,,,,,,,,
,,,,,,,,,,,,,,,,
,,,,,,,,,,,,,,,,
,,,,,,,,,,,,,,,,
,,,,,,,,,,,,,,,,
,,,,,,,,,,,,,,,,
,,,,,,,,,,,,,,,,
,,,,,,,,,,,,,,,,
,,,,,,,,,,,,,,,,
,,,,,,,,,,,,,,,,
,,,,,,,,,,,,,,,,
,,,,,,,,,,,,,,,,
,,,,,,,,,,,,,,,,
,,,,,,,,,,,,,,,,
,,,,,,,,,,,,,,,,
,,,,,,,,,,,,,,,,
,,,,,,,,,,,,,,,,
,,,,,,,,,,,,,,,,
,,,,,,,,,,,,,,,,
,,,,,,,,,,,,,,,,
,,,,,,,,,,,,,,,,
,,,,,,,,,,,,,,,,
,,,,,,,,,,,,,,,,
,,,,,,,,,,,,,,,,
,,,,,,,,,,,,,,,,
,,,,,,,,,,,,,,,,
,,,,,,,,,,,,,,,,
,,,,,,,,,,,,,,,,
,,,,,,,,,,,,,,,,
,,,,,,,,,,,,,,,,
,,,,,,,,,,,,,,,,
,,,,,,,,,,,,,,,,
,,,,,,,,,,,,,,,,
,,,,,,,,,,,,,,,,
,,,,,,,,,,,,,,,,
,,,,,,,,,,,,,,,,
,,,,,,,,,,,,,,,,
,,,,,,,,,,,,,,,,
,,,,,,,,,,,,,,,,
,,,,,,,,,,,,,,,,
,,,,,,,,,,,,,,,,
,,,,,,,,,,,,,,,,
,,,,,,,,,,,,,,,,
,,,,,,,,,,,,,,,,
,,,,,,,,,,,,,,,,
,,,,,,,,,,,,,,,,
,,,,,,,,,,,,,,,,
,,,,,,,,,,,,,,,,
,,,,,,,,,,,,,,,,
,,,,,,,,,,,,,,,,
,,,,,,,,,,,,,,,,
,,,,,,,,,,,,,,,,
,,,,,,,,,,,,,,,,
,,,,,,,,,,,,,,,,
,,,,,,,,,,,,,,,,
,,,,,,,,,,,,,,,,
,,,,,,,,,,,,,,,,
,,,,,,,,,,,,,,,,
,,,,,,,,,,,,,,,,
,,,,,,,,,,,,,,,,
,,,,,,,,,,,,,,,,
,,,,,,,,,,,,,,,,
,,,,,,,,,,,,,,,,
,,,,,,,,,,,,,,,,
,,,,,,,,,,,,,,,,
,,,,,,,,,,,,,,,,
,,,,,,,,,,,,,,,,
,,,,,,,,,,,,,,,,
,,,,,,,,,,,,,,,,
,,,,,,,,,,,,,,,,
,,,,,,,,,,,,,,,,
,,,,,,,,,,,,,,,,
,,,,,,,,,,,,,,,,
,,,,,,,,,,,,,,,,
,,,,,,,,,,,,,,,,
,,,,,,,,,,,,,,,,
,,,,,,,,,,,,,,,,
,,,,,,,,,,,,,,,,
,,,,,,,,,,,,,,,,
,,,,,,,,,,,,,,,,
,,,,,,,,,,,,,,,,
,,,,,,,,,,,,,,,,
,,,,,,,,,,,,,,,,
,,,,,,,,,,,,,,,,
,,,,,,,,,,,,,,,,
,,,,,,,,,,,,,,,,
,,,,,,,,,,,,,,,,
,,,,,,,,,,,,,,,,
,,,,,,,,,,,,,,,,
,,,,,,,,,,,,,,,,
,,,,,,,,,,,,,,,,
,,,,,,,,,,,,,,,,
,,,,,,,,,,,,,,,,
,,,,,,,,,,,,,,,,
,,,,,,,,,,,,,,,,
,,,,,,,,,,,,,,,,
,,,,,,,,,,,,,,,,
,,,,,,,,,,,,,,,,
,,,,,,,,,,,,,,,,
,,,,,,,,,,,,,,,,
,,,,,,,,,,,,,,,,
,,,,,,,,,,,,,,,,
,,,,,,,,,,,,,,,,
,,,,,,,,,,,,,,,,
,,,,,,,,,,,,,,,,
,,,,,,,,,,,,,,,,
,,,,,,,,,,,,,,,,
,,,,,,,,,,,,,,,,
,,,,,,,,,,,,,,,,
,,,,,,,,,,,,,,,,
,,,,,,,,,,,,,,,,
,,,,,,,,,,,,,,,,
,,,,,,,,,,,,,,,,
,,,,,,,,,,,,,,,,
,,,,,,,,,,,,,,,,
,,,,,,,,,,,,,,,,
,,,,,,,,,,,,,,,,
,,,,,,,,,,,,,,,,
,,,,,,,,,,,,,,,,
,,,,,,,,,,,,,,,,
,,,,,,,,,,,,,,,,
,,,,,,,,,,,,,,,,
,,,,,,,,,,,,,,,,
,,,,,,,,,,,,,,,,
,,,,,,,,,,,,,,,,
,,,,,,,,,,,,,,,,
,,,,,,,,,,,,,,,,
,,,,,,,,,,,,,,,,
,,,,,,,,,,,,,,,,
,,,,,,,,,,,,,,,,
,,,,,,,,,,,,,,,,
,,,,,,,,,,,,,,,,
,,,,,,,,,,,,,,,,
,,,,,,,,,,,,,,,,
,,,,,,,,,,,,,,,,
,,,,,,,,,,,,,,,,
,,,,,,,,,,,,,,,,
,,,,,,,,,,,,,,,,
,,,,,,,,,,,,,,,,
,,,,,,,,,,,,,,,,
,,,,,,,,,,,,,,,,
,,,,,,,,,,,,,,,,
,,,,,,,,,,,,,,,,
,,,,,,,,,,,,,,,,
,,,,,,,,,,,,,,,,
,,,,,,,,,,,,,,,,
,,,,,,,,,,,,,,,,
,,,,,,,,,,,,,,,,
,,,,,,,,,,,,,,,,
,,,,,,,,,,,,,,,,
,,,,,,,,,,,,,,,,
,,,,,,,,,,,,,,,,
,,,,,,,,,,,,,,,,
,,,,,,,,,,,,,,,,
,,,,,,,,,,,,,,,,
,,,,,,,,,,,,,,,,
,,,,,,,,,,,,,,,,
,,,,,,,,,,,,,,,,
,,,,,,,,,,,,,,,,
,,,,,,,,,,,,,,,,
,,,,,,,,,,,,,,,,
,,,,,,,,,,,,,,,,
,,,,,,,,,,,,,,,,
,,,,,,,,,,,,,,,,
,,,,,,,,,,,,,,,,
,,,,,,,,,,,,,,,,
,,,,,,,,,,,,,,,,
,,,,,,,,,,,,,,,,
,,,,,,,,,,,,,,,,
,,,,,,,,,,,,,,,,
,,,,,,,,,,,,,,,,
,,,,,,,,,,,,,,,,
,,,,,,,,,,,,,,,,
,,,,,,,,,,,,,,,,
,,,,,,,,,,,,,,,,
,,,,,,,,,,,,,,,,
,,,,,,,,,,,,,,,,
,,,,,,,,,,,,,,,,
,,,,,,,,,,,,,,,,
,,,,,,,,,,,,,,,,
,,,,,,,,,,,,,,,,
,,,,,,,,,,,,,,,,
,,,,,,,,,,,,,,,,
,,,,,,,,,,,,,,,,
,,,,,,,,,,,,,,,,
,,,,,,,,,,,,,,,,
,,,,,,,,,,,,,,,,
,,,,,,,,,,,,,,,,
,,,,,,,,,,,,,,,,
,,,,,,,,,,,,,,,,
,,,,,,,,,,,,,,,,
,,,,,,,,,,,,,,,,
,,,,,,,,,,,,,,,,
,,,,,,,,,,,,,,,,
,,,,,,,,,,,,,,,,
,,,,,,,,,,,,,,,,
,,,,,,,,,,,,,,,,
,,,,,,,,,,,,,,,,
,,,,,,,,,,,,,,,,
,,,,,,,,,,,,,,,,
,,,,,,,,,,,,,,,,
,,,,,,,,,,,,,,,,
,,,,,,,,,,,,,,,,
,,,,,,,,,,,,,,,,
,,,,,,,,,,,,,,,,
,,,,,,,,,,,,,,,,
,,,,,,,,,,,,,,,,
,,,,,,,,,,,,,,,,
,,,,,,,,,,,,,,,,
,,,,,,,,,,,,,,,,
,,,,,,,,,,,,,,,,
,,,,,,,,,,,,,,,,
,,,,,,,,,,,,,,,,
,,,,,,,,,,,,,,,,
,,,,,,,,,,,,,,,,
,,,,,,,,,,,,,,,,
,,,,,,,,,,,,,,,,
,,,,,,,,,,,,,,,,
,,,,,,,,,,,,,,,,
,,,,,,,,,,,,,,,,
,,,,,,,,,,,,,,,,
,,,,,,,,,,,,,,,,
,,,,,,,,,,,,,,,,
,,,,,,,,,,,,,,,,
,,,,,,,,,,,,,,,,
,,,,,,,,,,,,,,,,
,,,,,,,,,,,,,,,,
,,,,,,,,,,,,,,,,
,,,,,,,,,,,,,,,,
,,,,,,,,,,,,,,,,
,,,,,,,,,,,,,,,,
,,,,,,,,,,,,,,,,
,,,,,,,,,,,,,,,,
,,,,,,,,,,,,,,,,
,,,,,,,,,,,,,,,,
,,,,,,,,,,,,,,,,
,,,,,,,,,,,,,,,,
,,,,,,,,,,,,,,,,
,,,,,,,,,,,,,,,,
,,,,,,,,,,,,,,,,
,,,,,,,,,,,,,,,,
,,,,,,,,,,,,,,,,
,,,,,,,,,,,,,,,,
,,,,,,,,,,,,,,,,
,,,,,,,,,,,,,,,,
,,,,,,,,,,,,,,,,
,,,,,,,,,,,,,,,,
,,,,,,,,,,,,,,,,
,,,,,,,,,,,,,,,,
,,,,,,,,,,,,,,,,
,,,,,,,,,,,,,,,,
,,,,,,,,,,,,,,,,
,,,,,,,,,,,,,,,,
,,,,,,,,,,,,,,,,
,,,,,,,,,,,,,,,,
,,,,,,,,,,,,,,,,
,,,,,,,,,,,,,,,,
,,,,,,,,,,,,,,,,
,,,,,,,,,,,,,,,,
,,,,,,,,,,,,,,,,
,,,,,,,,,,,,,,,,
,,,,,,,,,,,,,,,,
,,,,,,,,,,,,,,,,
,,,,,,,,,,,,,,,,
,,,,,,,,,,,,,,,,
,,,,,,,,,,,,,,,,
,,,,,,,,,,,,,,,,
,,,,,,,,,,,,,,,,
,,,,,,,,,,,,,,,,
,,,,,,,,,,,,,,,,
,,,,,,,,,,,,,,,,
,,,,,,,,,,,,,,,,
,,,,,,,,,,,,,,,,
,,,,,,,,,,,,,,,,
,,,,,,,,,,,,,,,,
,,,,,,,,,,,,,,,,
,,,,,,,,,,,,,,,,
,,,,,,,,,,,,,,,,
,,,,,,,,,,,,,,,,
,,,,,,,,,,,,,,,,
,,,,,,,,,,,,,,,,
,,,,,,,,,,,,,,,,
,,,,,,,,,,,,,,,,
,,,,,,,,,,,,,,,,
,,,,,,,,,,,,,,,,
,,,,,,,,,,,,,,,,
,,,,,,,,,,,,,,,,
,,,,,,,,,,,,,,,,
,,,,,,,,,,,,,,,,
,,,,,,,,,,,,,,,,
,,,,,,,,,,,,,,,,
,,,,,,,,,,,,,,,,
,,,,,,,,,,,,,,,,
,,,,,,,,,,,,,,,,
,,,,,,,,,,,,,,,,
,,,,,,,,,,,,,,,,
,,,,,,,,,,,,,,,,
,,,,,,,,,,,,,,,,
,,,,,,,,,,,,,,,,
,,,,,,,,,,,,,,,,
,,,,,,,,,,,,,,,,
,,,,,,,,,,,,,,,,
,,,,,,,,,,,,,,,,
,,,,,,,,,,,,,,,,
,,,,,,,,,,,,,,,,
,,,,,,,,,,,,,,,,
,,,,,,,,,,,,,,,,
,,,,,,,,,,,,,,,,
,,,,,,,,,,,,,,,,
,,,,,,,,,,,,,,,,
,,,,,,,,,,,,,,,,
,,,,,,,,,,,,,,,,
,,,,,,,,,,,,,,,,
,,,,,,,,,,,,,,,,
,,,,,,,,,,,,,,,,
,,,,,,,,,,,,,,,,
,,,,,,,,,,,,,,,,
,,,,,,,,,,,,,,,,
,,,,,,,,,,,,,,,,
,,,,,,,,,,,,,,,,
,,,,,,,,,,,,,,,,
,,,,,,,,,,,,,,,,
,,,,,,,,,,,,,,,,
,,,,,,,,,,,,,,,,
,,,,,,,,,,,,,,,,
,,,,,,,,,,,,,,,,
,,,,,,,,,,,,,,,,
,,,,,,,,,,,,,,,,
,,,,,,,,,,,,,,,,
,,,,,,,,,,,,,,,,
,,,,,,,,,,,,,,,,
,,,,,,,,,,,,,,,,
,,,,,,,,,,,,,,,,
,,,,,,,,,,,,,,,,
,,,,,,,,,,,,,,,,
,,,,,,,,,,,,,,,,
,,,,,,,,,,,,,,,,
,,,,,,,,,,,,,,,,
,,,,,,,,,,,,,,,,
,,,,,,,,,,,,,,,,
,,,,,,,,,,,,,,,,
,,,,,,,,,,,,,,,,
,,,,,,,,,,,,,,,,
,,,,,,,,,,,,,,,,
,,,,,,,,,,,,,,,,
,,,,,,,,,,,,,,,,
,,,,,,,,,,,,,,,,
,,,,,,,,,,,,,,,,
,,,,,,,,,,,,,,,,
,,,,,,,,,,,,,,,,
,,,,,,,,,,,,,,,,
,,,,,,,,,,,,,,,,
,,,,,,,,,,,,,,,,
,,,,,,,,,,,,,,,,
,,,,,,,,,,,,,,,,
,,,,,,,,,,,,,,,,
,,,,,,,,,,,,,,,,
,,,,,,,,,,,,,,,,
,,,,,,,,,,,,,,,,
,,,,,,,,,,,,,,,,
,,,,,,,,,,,,,,,,
,,,,,,,,,,,,,,,,
,,,,,,,,,,,,,,,,
,,,,,,,,,,,,,,,,
,,,,,,,,,,,,,,,,
,,,,,,,,,,,,,,,,
,,,,,,,,,,,,,,,,
,,,,,,,,,,,,,,,,
,,,,,,,,,,,,,,,,
,,,,,,,,,,,,,,,,
,,,,,,,,,,,,,,,,
,,,,,,,,,,,,,,,,
,,,,,,,,,,,,,,,,
,,,,,,,,,,,,,,,,
,,,,,,,,,,,,,,,,
,,,,,,,,,,,,,,,,
,,,,,,,,,,,,,,,,
,,,,,,,,,,,,,,,,
,,,,,,,,,,,,,,,,
,,,,,,,,,,,,,,,,
,,,,,,,,,,,,,,,,
,,,,,,,,,,,,,,,,
,,,,,,,,,,,,,,,,
,,,,,,,,,,,,,,,,
,,,,,,,,,,,,,,,,
,,,,,,,,,,,,,,,,
,,,,,,,,,,,,,,,,
,,,,,,,,,,,,,,,,
,,,,,,,,,,,,,,,,
,,,,,,,,,,,,,,,,
,,,,,,,,,,,,,,,,
,,,,,,,,,,,,,,,,
,,,,,,,,,,,,,,,,
,,,,,,,,,,,,,,,,
,,,,,,,,,,,,,,,,
,,,,,,,,,,,,,,,,
,,,,,,,,,,,,,,,,
,,,,,,,,,,,,,,,,
,,,,,,,,,,,,,,,,
,,,,,,,,,,,,,,,,
,,,,,,,,,,,,,,,,
,,,,,,,,,,,,,,,,
,,,,,,,,,,,,,,,,
,,,,,,,,,,,,,,,,
,,,,,,,,,,,,,,,,
,,,,,,,,,,,,,,,,
,,,,,,,,,,,,,,,,
,,,,,,,,,,,,,,,,
,,,,,,,,,,,,,,,,
,,,,,,,,,,,,,,,,
,,,,,,,,,,,,,,,,
,,,,,,,,,,,,,,,,
,,,,,,,,,,,,,,,,
,,,,,,,,,,,,,,,,
,,,,,,,,,,,,,,,,
,,,,,,,,,,,,,,,,
,,,,,,,,,,,,,,,,
,,,,,,,,,,,,,,,,
,,,,,,,,,,,,,,,,
,,,,,,,,,,,,,,,,
,,,,,,,,,,,,,,,,
,,,,,,,,,,,,,,,,
,,,,,,,,,,,,,,,,
,,,,,,,,,,,,,,,,
,,,,,,,,,,,,,,,,
,,,,,,,,,,,,,,,,
,,,,,,,,,,,,,,,,
,,,,,,,,,,,,,,,,
,,,,,,,,,,,,,,,,
,,,,,,,,,,,,,,,,
,,,,,,,,,,,,,,,,
,,,,,,,,,,,,,,,,
,,,,,,,,,,,,,,,,
,,,,,,,,,,,,,,,,
,,,,,,,,,,,,,,,,
,,,,,,,,,,,,,,,,
,,,,,,,,,,,,,,,,
,,,,,,,,,,,,,,,,
,,,,,,,,,,,,,,,,
,,,,,,,,,,,,,,,,
,,,,,,,,,,,,,,,,
,,,,,,,,,,,,,,,,
,,,,,,,,,,,,,,,,
,,,,,,,,,,,,,,,,
,,,,,,,,,,,,,,,,
,,,,,,,,,,,,,,,,
,,,,,,,,,,,,,,,,
,,,,,,,,,,,,,,,,
,,,,,,,,,,,,,,,,
,,,,,,,,,,,,,,,,
,,,,,,,,,,,,,,,,
,,,,,,,,,,,,,,,,
,,,,,,,,,,,,,,,,
,,,,,,,,,,,,,,,,
,,,,,,,,,,,,,,,,
,,,,,,,,,,,,,,,,
,,,,,,,,,,,,,,,,
,,,,,,,,,,,,,,,,
,,,,,,,,,,,,,,,,
,,,,,,,,,,,,,,,,
,,,,,,,,,,,,,,,,
,,,,,,,,,,,,,,,,
,,,,,,,,,,,,,,,,
,,,,,,,,,,,,,,,,
,,,,,,,,,,,,,,,,
,,,,,,,,,,,,,,,,
,,,,,,,,,,,,,,,,
,,,,,,,,,,,,,,,,
,,,,,,,,,,,,,,,,
,,,,,,,,,,,,,,,,
,,,,,,,,,,,,,,,,
,,,,,,,,,,,,,,,,
,,,,,,,,,,,,,,,,
,,,,,,,,,,,,,,,,
,,,,,,,,,,,,,,,,
,,,,,,,,,,,,,,,,
,,,,,,,,,,,,,,,,
,,,,,,,,,,,,,,,,
,,,,,,,,,,,,,,,,
,,,,,,,,,,,,,,,,
,,,,,,,,,,,,,,,,
,,,,,,,,,,,,,,,,
,,,,,,,,,,,,,,,,
,,,,,,,,,,,,,,,,
,,,,,,,,,,,,,,,,
,,,,,,,,,,,,,,,,
,,,,,,,,,,,,,,,,
,,,,,,,,,,,,,,,,
,,,,,,,,,,,,,,,,
,,,,,,,,,,,,,,,,
,,,,,,,,,,,,,,,,
,,,,,,,,,,,,,,,,
,,,,,,,,,,,,,,,,
,,,,,,,,,,,,,,,,
,,,,,,,,,,,,,,,,
,,,,,,,,,,,,,,,,
,,,,,,,,,,,,,,,,
,,,,,,,,,,,,,,,,
,,,,,,,,,,,,,,,,
,,,,,,,,,,,,,,,,
,,,,,,,,,,,,,,,,
,,,,,,,,,,,,,,,,
,,,,,,,,,,,,,,,,
,,,,,,,,,,,,,,,,
,,,,,,,,,,,,,,,,
,,,,,,,,,,,,,,,,
,,,,,,,,,,,,,,,,
,,,,,,,,,,,,,,,,
,,,,,,,,,,,,,,,,
,,,,,,,,,,,,,,,,
,,,,,,,,,,,,,,,,
,,,,,,,,,,,,,,,,
,,,,,,,,,,,,,,,,
,,,,,,,,,,,,,,,,
,,,,,,,,,,,,,,,,
,,,,,,,,,,,,,,,,
,,,,,,,,,,,,,,,,
,,,,,,,,,,,,,,,,
,,,,,,,,,,,,,,,,
,,,,,,,,,,,,,,,,
,,,,,,,,,,,,,,,,
,,,,,,,,,,,,,,,,
,,,,,,,,,,,,,,,,
,,,,,,,,,,,,,,,,
,,,,,,,,,,,,,,,,
,,,,,,,,,,,,,,,,
,,,,,,,,,,,,,,,,
,,,,,,,,,,,,,,,,
,,,,,,,,,,,,,,,,
,,,,,,,,,,,,,,,,
,,,,,,,,,,,,,,,,
,,,,,,,,,,,,,,,,
,,,,,,,,,,,,,,,,
,,,,,,,,,,,,,,,,
,,,,,,,,,,,,,,,,
,,,,,,,,,,,,,,,,
,,,,,,,,,,,,,,,,
,,,,,,,,,,,,,,,,
,,,,,,,,,,,,,,,,
,,,,,,,,,,,,,,,,
,,,,,,,,,,,,,,,,
,,,,,,,,,,,,,,,,
,,,,,,,,,,,,,,,,
,,,,,,,,,,,,,,,,
,,,,,,,,,,,,,,,,
,,,,,,,,,,,,,,,,
,,,,,,,,,,,,,,,,
,,,,,,,,,,,,,,,,
,,,,,,,,,,,,,,,,
,,,,,,,,,,,,,,,,
,,,,,,,,,,,,,,,,
,,,,,,,,,,,,,,,,
,,,,,,,,,,,,,,,,
,,,,,,,,,,,,,,,,
,,,,,,,,,,,,,,,,
,,,,,,,,,,,,,,,,
,,,,,,,,,,,,,,,,
,,,,,,,,,,,,,,,,
,,,,,,,,,,,,,,,,
,,,,,,,,,,,,,,,,
,,,,,,,,,,,,,,,,
,,,,,,,,,,,,,,,,
,,,,,,,,,,,,,,,,
,,,,,,,,,,,,,,,,
,,,,,,,,,,,,,,,,
,,,,,,,,,,,,,,,,
,,,,,,,,,,,,,,,,
,,,,,,,,,,,,,,,,
,,,,,,,,,,,,,,,,
,,,,,,,,,,,,,,,,
,,,,,,,,,,,,,,,,
,,,,,,,,,,,,,,,,
,,,,,,,,,,,,,,,,
,,,,,,,,,,,,,,,,
,,,,,,,,,,,,,,,,
,,,,,,,,,,,,,,,,
,,,,,,,,,,,,,,,,
,,,,,,,,,,,,,,,,
,,,,,,,,,,,,,,,,
,,,,,,,,,,,,,,,,
,,,,,,,,,,,,,,,,
,,,,,,,,,,,,,,,,
,,,,,,,,,,,,,,,,
,,,,,,,,,,,,,,,,
,,,,,,,,,,,,,,,,
,,,,,,,,,,,,,,,,
,,,,,,,,,,,,,,,,
,,,,,,,,,,,,,,,,
,,,,,,,,,,,,,,,,
,,,,,,,,,,,,,,,,
,,,,,,,,,,,,,,,,
,,,,,,,,,,,,,,,,
,,,,,,,,,,,,,,,,
,,,,,,,,,,,,,,,,
,,,,,,,,,,,,,,,,
,,,,,,,,,,,,,,,,
,,,,,,,,,,,,,,,,
,,,,,,,,,,,,,,,,
,,,,,,,,,,,,,,,,
,,,,,,,,,,,,,,,,
,,,,,,,,,,,,,,,,
,,,,,,,,,,,,,,,,
,,,,,,,,,,,,,,,,
,,,,,,,,,,,,,,,,
,,,,,,,,,,,,,,,,
,,,,,,,,,,,,,,,,
,,,,,,,,,,,,,,,,
,,,,,,,,,,,,,,,,
,,,,,,,,,,,,,,,,
,,,,,,,,,,,,,,,,
,,,,,,,,,,,,,,,,
,,,,,,,,,,,,,,,,
,,,,,,,,,,,,,,,,
,,,,,,,,,,,,,,,,
,,,,,,,,,,,,,,,,
,,,,,,,,,,,,,,,,
,,,,,,,,,,,,,,,,
,,,,,,,,,,,,,,,,
,,,,,,,,,,,,,,,,
,,,,,,,,,,,,,,,,
,,,,,,,,,,,,,,,,
,,,,,,,,,,,,,,,,
,,,,,,,,,,,,,,,,
,,,,,,,,,,,,,,,,
,,,,,,,,,,,,,,,,
,,,,,,,,,,,,,,,,
,,,,,,,,,,,,,,,,
,,,,,,,,,,,,,,,,
,,,,,,,,,,,,,,,,
,,,,,,,,,,,,,,,,
,,,,,,,,,,,,,,,,
,,,,,,,,,,,,,,,,
,,,,,,,,,,,,,,,,
,,,,,,,,,,,,,,,,
,,,,,,,,,,,,,,,,
,,,,,,,,,,,,,,,,
,,,,,,,,,,,,,,,,
,,,,,,,,,,,,,,,,
,,,,,,,,,,,,,,,,
,,,,,,,,,,,,,,,,
,,,,,,,,,,,,,,,,
,,,,,,,,,,,,,,,,
,,,,,,,,,,,,,,,,
,,,,,,,,,,,,,,,,
,,,,,,,,,,,,,,,,
,,,,,,,,,,,,,,,,
,,,,,,,,,,,,,,,,
,,,,,,,,,,,,,,,,
,,,,,,,,,,,,,,,,
,,,,,,,,,,,,,,,,
,,,,,,,,,,,,,,,,
,,,,,,,,,,,,,,,,
,,,,,,,,,,,,,,,,
,,,,,,,,,,,,,,,,
,,,,,,,,,,,,,,,,
,,,,,,,,,,,,,,,,
,,,,,,,,,,,,,,,,
,,,,,,,,,,,,,,,,
,,,,,,,,,,,,,,,,
,,,,,,,,,,,,,,,,
,,,,,,,,,,,,,,,,
,,,,,,,,,,,,,,,,
,,,,,,,,,,,,,,,,
,,,,,,,,,,,,,,,,
,,,,,,,,,,,,,,,,
,,,,,,,,,,,,,,,,
,,,,,,,,,,,,,,,,
,,,,,,,,,,,,,,,,
,,,,,,,,,,,,,,,,
,,,,,,,,,,,,,,,,
,,,,,,,,,,,,,,,,
,,,,,,,,,,,,,,,,
,,,,,,,,,,,,,,,,
,,,,,,,,,,,,,,,,
,,,,,,,,,,,,,,,,
,,,,,,,,,,,,,,,,
,,,,,,,,,,,,,,,,
,,,,,,,,,,,,,,,,
,,,,,,,,,,,,,,,,
,,,,,,,,,,,,,,,,
,,,,,,,,,,,,,,,,
,,,,,,,,,,,,,,,,
,,,,,,,,,,,,,,,,
,,,,,,,,,,,,,,,,
,,,,,,,,,,,,,,,,
,,,,,,,,,,,,,,,,
,,,,,,,,,,,,,,,,
,,,,,,,,,,,,,,,,
,,,,,,,,,,,,,,,,
,,,,,,,,,,,,,,,,
,,,,,,,,,,,,,,,,
,,,,,,,,,,,,,,,,
,,,,,,,,,,,,,,,,
,,,,,,,,,,,,,,,,
,,,,,,,,,,,,,,,,
,,,,,,,,,,,,,,,,
,,,,,,,,,,,,,,,,
,,,,,,,,,,,,,,,,
,,,,,,,,,,,,,,,,
,,,,,,,,,,,,,,,,
,,,,,,,,,,,,,,,,
,,,,,,,,,,,,,,,,
,,,,,,,,,,,,,,,,
,,,,,,,,,,,,,,,,
,,,,,,,,,,,,,,,,
,,,,,,,,,,,,,,,,
,,,,,,,,,,,,,,,,
,,,,,,,,,,,,,,,,
,,,,,,,,,,,,,,,,
,,,,,,,,,,,,,,,,
,,,,,,,,,,,,,,,,
,,,,,,,,,,,,,,,,
,,,,,,,,,,,,,,,,
,,,,,,,,,,,,,,,,
,,,,,,,,,,,,,,,,
,,,,,,,,,,,,,,,,
,,,,,,,,,,,,,,,,
,,,,,,,,,,,,,,,,
,,,,,,,,,,,,,,,,
,,,,,,,,,,,,,,,,
,,,,,,,,,,,,,,,,
,,,,,,,,,,,,,,,,
,,,,,,,,,,,,,,,,
,,,,,,,,,,,,,,,,
,,,,,,,,,,,,,,,,
,,,,,,,,,,,,,,,,
,,,,,,,,,,,,,,,,
,,,,,,,,,,,,,,,,
,,,,,,,,,,,,,,,,
,,,,,,,,,,,,,,,,
,,,,,,,,,,,,,,,,
,,,,,,,,,,,,,,,,
,,,,,,,,,,,,,,,,
,,,,,,,,,,,,,,,,
,,,,,,,,,,,,,,,,
,,,,,,,,,,,,,,,,
,,,,,,,,,,,,,,,,
,,,,,,,,,,,,,,,,
,,,,,,,,,,,,,,,,
,,,,,,,,,,,,,,,,
,,,,,,,,,,,,,,,,
,,,,,,,,,,,,,,,,
,,,,,,,,,,,,,,,,
,,,,,,,,,,,,,,,,
,,,,,,,,,,,,,,,,
,,,,,,,,,,,,,,,,
,,,,,,,,,,,,,,,,
,,,,,,,,,,,,,,,,
,,,,,,,,,,,,,,,,
,,,,,,,,,,,,,,,,
,,,,,,,,,,,,,,,,
,,,,,,,,,,,,,,,,
,,,,,,,,,,,,,,,,
,,,,,,,,,,,,,,,,
,,,,,,,,,,,,,,,,
,,,,,,,,,,,,,,,,
,,,,,,,,,,,,,,,,
,,,,,,,,,,,,,,,,
,,,,,,,,,,,,,,,,
,,,,,,,,,,,,,,,,
,,,,,,,,,,,,,,,,
,,,,,,,,,,,,,,,,
,,,,,,,,,,,,,,,,
,,,,,,,,,,,,,,,,
,,,,,,,,,,,,,,,,
,,,,,,,,,,,,,,,,
,,,,,,,,,,,,,,,,
,,,,,,,,,,,,,,,,
,,,,,,,,,,,,,,,,
,,,,,,,,,,,,,,,,
,,,,,,,,,,,,,,,,
,,,,,,,,,,,,,,,,
,,,,,,,,,,,,,,,,
,,,,,,,,,,,,,,,,
,,,,,,,,,,,,,,,,
,,,,,,,,,,,,,,,,
,,,,,,,,,,,,,,,,
,,,,,,,,,,,,,,,,
,,,,,,,,,,,,,,,,
,,,,,,,,,,,,,,,,
,,,,,,,,,,,,,,,,
,,,,,,,,,,,,,,,,
,,,,,,,,,,,,,,,,
,,,,,,,,,,,,,,,,
,,,,,,,,,,,,,,,,
,,,,,,,,,,,,,,,,
,,,,,,,,,,,,,,,,
,,,,,,,,,,,,,,,,
,,,,,,,,,,,,,,,,
,,,,,,,,,,,,,,,,
,,,,,,,,,,,,,,,,
,,,,,,,,,,,,,,,,
,,,,,,,,,,,,,,,,
,,,,,,,,,,,,,,,,
,,,,,,,,,,,,,,,,
,,,,,,,,,,,,,,,,
,,,,,,,,,,,,,,,,
,,,,,,,,,,,,,,,,
,,,,,,,,,,,,,,,,
,,,,,,,,,,,,,,,,
,,,,,,,,,,,,,,,,
,,,,,,,,,,,,,,,,
,,,,,,,,,,,,,,,,
,,,,,,,,,,,,,,,,
,,,,,,,,,,,,,,,,
,,,,,,,,,,,,,,,,
,,,,,,,,,,,,,,,,
,,,,,,,,,,,,,,,,
,,,,,,,,,,,,,,,,
,,,,,,,,,,,,,,,,
,,,,,,,,,,,,,,,,
,,,,,,,,,,,,,,,,
,,,,,,,,,,,,,,,,
,,,,,,,,,,,,,,,,
,,,,,,,,,,,,,,,,
,,,,,,,,,,,,,,,,
,,,,,,,,,,,,,,,,
,,,,,,,,,,,,,,,,
,,,,,,,,,,,,,,,,
,,,,,,,,,,,,,,,,
,,,,,,,,,,,,,,,,
,,,,,,,,,,,,,,,,
,,,,,,,,,,,,,,,,
,,,,,,,,,,,,,,,,
,,,,,,,,,,,,,,,,
,,,,,,,,,,,,,,,,
,,,,,,,,,,,,,,,,
,,,,,,,,,,,,,,,,
,,,,,,,,,,,,,,,,
,,,,,,,,,,,,,,,,
,,,,,,,,,,,,,,,,
,,,,,,,,,,,,,,,,
,,,,,,,,,,,,,,,,
,,,,,,,,,,,,,,,,
,,,,,,,,,,,,,,,,
,,,,,,,,,,,,,,,,
,,,,,,,,,,,,,,,,
,,,,,,,,,,,,,,,,
,,,,,,,,,,,,,,,,
,,,,,,,,,,,,,,,,
,,,,,,,,,,,,,,,,
,,,,,,,,,,,,,,,,
,,,,,,,,,,,,,,,,
,,,,,,,,,,,,,,,,
,,,,,,,,,,,,,,,,
,,,,,,,,,,,,,,,,
,,,,,,,,,,,,,,,,
,,,,,,,,,,,,,,,,
,,,,,,,,,,,,,,,,
,,,,,,,,,,,,,,,,
,,,,,,,,,,,,,,,,
,,,,,,,,,,,,,,,,
,,,,,,,,,,,,,,,,
,,,,,,,,,,,,,,,,
,,,,,,,,,,,,,,,,
,,,,,,,,,,,,,,,,
,,,,,,,,,,,,,,,,
,,,,,,,,,,,,,,,,
,,,,,,,,,,,,,,,,
,,,,,,,,,,,,,,,,
,,,,,,,,,,,,,,,,
,,,,,,,,,,,,,,,,
,,,,,,,,,,,,,,,,
,,,,,,,,,,,,,,,,
,,,,,,,,,,,,,,,,
,,,,,,,,,,,,,,,,
,,,,,,,,,,,,,,,,
,,,,,,,,,,,,,,,,
,,,,,,,,,,,,,,,,
,,,,,,,,,,,,,,,,
,,,,,,,,,,,,,,,,
,,,,,,,,,,,,,,,,
,,,,,,,,,,,,,,,,
,,,,,,,,,,,,,,,,
,,,,,,,,,,,,,,,,
,,,,,,,,,,,,,,,,
,,,,,,,,,,,,,,,,
,,,,,,,,,,,,,,,,
,,,,,,,,,,,,,,,,
,,,,,,,,,,,,,,,,
,,,,,,,,,,,,,,,,
,,,,,,,,,,,,,,,,
,,,,,,,,,,,,,,,,
,,,,,,,,,,,,,,,,
,,,,,,,,,,,,,,,,
,,,,,,,,,,,,,,,,
,,,,,,,,,,,,,,,,
,,,,,,,,,,,,,,,,
,,,,,,,,,,,,,,,,
,,,,,,,,,,,,,,,,
,,,,,,,,,,,,,,,,
,,,,,,,,,,,,,,,,
,,,,,,,,,,,,,,,,
,,,,,,,,,,,,,,,,
,,,,,,,,,,,,,,,,
,,,,,,,,,,,,,,,,
,,,,,,,,,,,,,,,,
,,,,,,,,,,,,,,,,
,,,,,,,,,,,,,,,,
,,,,,,,,,,,,,,,,
,,,,,,,,,,,,,,,,
,,,,,,,,,,,,,,,,
,,,,,,,,,,,,,,,,
,,,,,,,,,,,,,,,,
,,,,,,,,,,,,,,,,
,,,,,,,,,,,,,,,,
,,,,,,,,,,,,,,,,
,,,,,,,,,,,,,,,,
,,,,,,,,,,,,,,,,
,,,,,,,,,,,,,,,,
,,,,,,,,,,,,,,,,
,,,,,,,,,,,,,,,,
,,,,,,,,,,,,,,,,
,,,,,,,,,,,,,,,,
,,,,,,,,,,,,,,,,
,,,,,,,,,,,,,,,,
,,,,,,,,,,,,,,,,
,,,,,,,,,,,,,,,,
,,,,,,,,,,,,,,,,
,,,,,,,,,,,,,,,,
,,,,,,,,,,,,,,,,
,,,,,,,,,,,,,,,,
,,,,,,,,,,,,,,,,
,,,,,,,,,,,,,,,,
,,,,,,,,,,,,,,,,
,,,,,,,,,,,,,,,,
,,,,,,,,,,,,,,,,
,,,,,,,,,,,,,,,,
,,,,,,,,,,,,,,,,
,,,,,,,,,,,,,,,,
,,,,,,,,,,,,,,,,
,,,,,,,,,,,,,,,,
,,,,,,,,,,,,,,,,
,,,,,,,,,,,,,,,,
,,,,,,,,,,,,,,,,
,,,,,,,,,,,,,,,,
,,,,,,,,,,,,,,,,
,,,,,,,,,,,,,,,,
,,,,,,,,,,,,,,,,
,,,,,,,,,,,,,,,,
,,,,,,,,,,,,,,,,
,,,,,,,,,,,,,,,,
,,,,,,,,,,,,,,,,
,,,,,,,,,,,,,,,,
,,,,,,,,,,,,,,,,
,,,,,,,,,,,,,,,,
,,,,,,,,,,,,,,,,
,,,,,,,,,,,,,,,,
,,,,,,,,,,,,,,,,
,,,,,,,,,,,,,,,,
,,,,,,,,,,,,,,,,
,,,,,,,,,,,,,,,,
,,,,,,,,,,,,,,,,
,,,,,,,,,,,,,,,,
,,,,,,,,,,,,,,,,
,,,,,,,,,,,,,,,,
,,,,,,,,,,,,,,,,
,,,,,,,,,,,,,,,,
,,,,,,,,,,,,,,,,
,,,,,,,,,,,,,,,,
,,,,,,,,,,,,,,,,
,,,,,,,,,,,,,,,,
,,,,,,,,,,,,,,,,
,,,,,,,,,,,,,,,,
,,,,,,,,,,,,,,,,
,,,,,,,,,,,,,,,,
,,,,,,,,,,,,,,,,
,,,,,,,,,,,,,,,,
,,,,,,,,,,,,,,,,
,,,,,,,,,,,,,,,,
,,,,,,,,,,,,,,,,
,,,,,,,,,,,,,,,,
,,,,,,,,,,,,,,,,
,,,,,,,,,,,,,,,,
,,,,,,,,,,,,,,,,
,,,,,,,,,,,,,,,,
,,,,,,,,,,,,,,,,
,,,,,,,,,,,,,,,,
,,,,,,,,,,,,,,,,
,,,,,,,,,,,,,,,,
,,,,,,,,,,,,,,,,
,,,,,,,,,,,,,,,,
,,,,,,,,,,,,,,,,
,,,,,,,,,,,,,,,,
,,,,,,,,,,,,,,,,
,,,,,,,,,,,,,,,,
,,,,,,,,,,,,,,,,
,,,,,,,,,,,,,,,,
,,,,,,,,,,,,,,,,
,,,,,,,,,,,,,,,,
,,,,,,,,,,,,,,,,
,,,,,,,,,,,,,,,,
,,,,,,,,,,,,,,,,
,,,,,,,,,,,,,,,,
,,,,,,,,,,,,,,,,
,,,,,,,,,,,,,,,,
,,,,,,,,,,,,,,,,
,,,,,,,,,,,,,,,,
,,,,,,,,,,,,,,,,
,,,,,,,,,,,,,,,,
,,,,,,,,,,,,,,,,
,,,,,,,,,,,,,,,,
,,,,,,,,,,,,,,,,
,,,,,,,,,,,,,,,,
,,,,,,,,,,,,,,,,
,,,,,,,,,,,,,,,,
,,,,,,,,,,,,,,,,
,,,,,,,,,,,,,,,,
,,,,,,,,,,,,,,,,
,,,,,,,,,,,,,,,,
,,,,,,,,,,,,,,,,
,,,,,,,,,,,,,,,,
,,,,,,,,,,,,,,,,
,,,,,,,,,,,,,,,,
,,,,,,,,,,,,,,,,
,,,,,,,,,,,,,,,,
,,,,,,,,,,,,,,,,
,,,,,,,,,,,,,,,,
,,,,,,,,,,,,,,,,
,,,,,,,,,,,,,,,,
,,,,,,,,,,,,,,,,
,,,,,,,,,,,,,,,,
,,,,,,,,,,,,,,,,
,,,,,,,,,,,,,,,,
,,,,,,,,,,,,,,,,
,,,,,,,,,,,,,,,,
,,,,,,,,,,,,,,,,
,,,,,,,,,,,,,,,,
,,,,,,,,,,,,,,,,
,,,,,,,,,,,,,,,,
,,,,,,,,,,,,,,,,
,,,,,,,,,,,,,,,,
,,,,,,,,,,,,,,,,
,,,,,,,,,,,,,,,,
,,,,,,,,,,,,,,,,
,,,,,,,,,,,,,,,,
,,,,,,,,,,,,,,,,
,,,,,,,,,,,,,,,,
,,,,,,,,,,,,,,,,
,,,,,,,,,,,,,,,,
,,,,,,,,,,,,,,,,
,,,,,,,,,,,,,,,,
,,,,,,,,,,,,,,,,
,,,,,,,,,,,,,,,,
,,,,,,,,,,,,,,,,
,,,,,,,,,,,,,,,,
,,,,,,,,,,,,,,,,
,,,,,,,,,,,,,,,,
,,,,,,,,,,,,,,,,
,,,,,,,,,,,,,,,,
,,,,,,,,,,,,,,,,
,,,,,,,,,,,,,,,,
,,,,,,,,,,,,,,,,
,,,,,,,,,,,,,,,,
,,,,,,,,,,,,,,,,
,,,,,,,,,,,,,,,,
,,,,,,,,,,,,,,,,
,,,,,,,,,,,,,,,,
,,,,,,,,,,,,,,,,
,,,,,,,,,,,,,,,,
,,,,,,,,,,,,,,,,
,,,,,,,,,,,,,,,,
,,,,,,,,,,,,,,,,
,,,,,,,,,,,,,,,,
,,,,,,,,,,,,,,,,
,,,,,,,,,,,,,,,,
,,,,,,,,,,,,,,,,
,,,,,,,,,,,,,,,,
,,,,,,,,,,,,,,,,
,,,,,,,,,,,,,,,,
,,,,,,,,,,,,,,,,
,,,,,,,,,,,,,,,,
,,,,,,,,,,,,,,,,
,,,,,,,,,,,,,,,,
,,,,,,,,,,,,,,,,
,,,,,,,,,,,,,,,,
,,,,,,,,,,,,,,,,
,,,,,,,,,,,,,,,,
,,,,,,,,,,,,,,,,
,,,,,,,,,,,,,,,,
,,,,,,,,,,,,,,,,
,,,,,,,,,,,,,,,,
,,,,,,,,,,,,,,,,
,,,,,,,,,,,,,,,,
,,,,,,,,,,,,,,,,
,,,,,,,,,,,,,,,,
,,,,,,,,,,,,,,,,
,,,,,,,,,,,,,,,,
,,,,,,,,,,,,,,,,
,,,,,,,,,,,,,,,,
,,,,,,,,,,,,,,,,
,,,,,,,,,,,,,,,,
,,,,,,,,,,,,,,,,
,,,,,,,,,,,,,,,,
,,,,,,,,,,,,,,,,
,,,,,,,,,,,,,,,,
,,,,,,,,,,,,,,,,
,,,,,,,,,,,,,,,,
,,,,,,,,,,,,,,,,
,,,,,,,,,,,,,,,,
,,,,,,,,,,,,,,,,
,,,,,,,,,,,,,,,,
,,,,,,,,,,,,,,,,
,,,,,,,,,,,,,,,,
,,,,,,,,,,,,,,,,
,,,,,,,,,,,,,,,,
,,,,,,,,,,,,,,,,
,,,,,,,,,,,,,,,,
,,,,,,,,,,,,,,,,
,,,,,,,,,,,,,,,,
,,,,,,,,,,,,,,,,
,,,,,,,,,,,,,,,,
,,,,,,,,,,,,,,,,
,,,,,,,,,,,,,,,,
,,,,,,,,,,,,,,,,
,,,,,,,,,,,,,,,,
,,,,,,,,,,,,,,,,
,,,,,,,,,,,,,,,,
,,,,,,,,,,,,,,,,
,,,,,,,,,,,,,,,,
,,,,,,,,,,,,,,,,
,,,,,,,,,,,,,,,,
,,,,,,,,,,,,,,,,
,,,,,,,,,,,,,,,,
,,,,,,,,,,,,,,,,
,,,,,,,,,,,,,,,,
,,,,,,,,,,,,,,,,
,,,,,,,,,,,,,,,,
,,,,,,,,,,,,,,,,
,,,,,,,,,,,,,,,,
,,,,,,,,,,,,,,,,
,,,,,,,,,,,,,,,,
,,,,,,,,,,,,,,,,
,,,,,,,,,,,,,,,,
,,,,,,,,,,,,,,,,
,,,,,,,,,,,,,,,,
,,,,,,,,,,,,,,,,
,,,,,,,,,,,,,,,,
,,,,,,,,,,,,,,,,
,,,,,,,,,,,,,,,,
,,,,,,,,,,,,,,,,
,,,,,,,,,,,,,,,,
,,,,,,,,,,,,,,,,
,,,,,,,,,,,,,,,,
,,,,,,,,,,,,,,,,
,,,,,,,,,,,,,,,,
,,,,,,,,,,,,,,,,
,,,,,,,,,,,,,,,,
,,,,,,,,,,,,,,,,
,,,,,,,,,,,,,,,,
,,,,,,,,,,,,,,,,
,,,,,,,,,,,,,,,,
,,,,,,,,,,,,,,,,
,,,,,,,,,,,,,,,,
,,,,,,,,,,,,,,,,
,,,,,,,,,,,,,,,,
,,,,,,,,,,,,,,,,
,,,,,,,,,,,,,,,,
,,,,,,,,,,,,,,,,
,,,,,,,,,,,,,,,,
,,,,,,,,,,,,,,,,
,,,,,,,,,,,,,,,,
,,,,,,,,,,,,,,,,
,,,,,,,,,,,,,,,,
,,,,,,,,,,,,,,,,
,,,,,,,,,,,,,,,,
,,,,,,,,,,,,,,,,
,,,,,,,,,,,,,,,,
,,,,,,,,,,,,,,,,
,,,,,,,,,,,,,,,,
,,,,,,,,,,,,,,,,
,,,,,,,,,,,,,,,,
,,,,,,,,,,,,,,,,
,,,,,,,,,,,,,,,,
,,,,,,,,,,,,,,,,
,,,,,,,,,,,,,,,,
,,,,,,,,,,,,,,,,
,,,,,,,,,,,,,,,,
,,,,,,,,,,,,,,,,
,,,,,,,,,,,,,,,,
,,,,,,,,,,,,,,,,
,,,,,,,,,,,,,,,,
,,,,,,,,,,,,,,,,
,,,,,,,,,,,,,,,,
,,,,,,,,,,,,,,,,
,,,,,,,,,,,,,,,,
,,,,,,,,,,,,,,,,
,,,,,,,,,,,,,,,,
,,,,,,,,,,,,,,,,
,,,,,,,,,,,,,,,,
,,,,,,,,,,,,,,,,
,,,,,,,,,,,,,,,,
,,,,,,,,,,,,,,,,
,,,,,,,,,,,,,,,,
,,,,,,,,,,,,,,,,
,,,,,,,,,,,,,,,,
,,,,,,,,,,,,,,,,
,,,,,,,,,,,,,,,,
,,,,,,,,,,,,,,,,
,,,,,,,,,,,,,,,,
,,,,,,,,,,,,,,,,
,,,,,,,,,,,,,,,,
,,,,,,,,,,,,,,,,
,,,,,,,,,,,,,,,,
,,,,,,,,,,,,,,,,
,,,,,,,,,,,,,,,,
,,,,,,,,,,,,,,,,
,,,,,,,,,,,,,,,,
,,,,,,,,,,,,,,,,
,,,,,,,,,,,,,,,,
,,,,,,,,,,,,,,,,
,,,,,,,,,,,,,,,,
,,,,,,,,,,,,,,,,
,,,,,,,,,,,,,,,,
,,,,,,,,,,,,,,,,
,,,,,,,,,,,,,,,,
,,,,,,,,,,,,,,,,
,,,,,,,,,,,,,,,,
,,,,,,,,,,,,,,,,
,,,,,,,,,,,,,,,,
,,,,,,,,,,,,,,,,
,,,,,,,,,,,,,,,,
,,,,,,,,,,,,,,,,
,,,,,,,,,,,,,,,,
,,,,,,,,,,,,,,,,
,,,,,,,,,,,,,,,,
,,,,,,,,,,,,,,,,
,,,,,,,,,,,,,,,,
,,,,,,,,,,,,,,,,
,,,,,,,,,,,,,,,,
,,,,,,,,,,,,,,,,
,,,,,,,,,,,,,,,,
,,,,,,,,,,,,,,,,
,,,,,,,,,,,,,,,,
,,,,,,,,,,,,,,,,
,,,,,,,,,,,,,,,,
,,,,,,,,,,,,,,,,
,,,,,,,,,,,,,,,,
,,,,,,,,,,,,,,,,
,,,,,,,,,,,,,,,,
,,,,,,,,,,,,,,,,
,,,,,,,,,,,,,,,,
,,,,,,,,,,,,,,,,
,,,,,,,,,,,,,,,,
,,,,,,,,,,,,,,,,
,,,,,,,,,,,,,,,,
,,,,,,,,,,,,,,,,
,,,,,,,,,,,,,,,,
,,,,,,,,,,,,,,,,
,,,,,,,,,,,,,,,,
,,,,,,,,,,,,,,,,
,,,,,,,,,,,,,,,,
,,,,,,,,,,,,,,,,
,,,,,,,,,,,,,,,,
,,,,,,,,,,,,,,,,
,,,,,,,,,,,,,,,,
,,,,,,,,,,,,,,,,
,,,,,,,,,,,,,,,,
,,,,,,,,,,,,,,,,
,,,,,,,,,,,,,,,,
,,,,,,,,,,,,,,,,
,,,,,,,,,,,,,,,,
,,,,,,,,,,,,,,,,
,,,,,,,,,,,,,,,,
,,,,,,,,,,,,,,,,
,,,,,,,,,,,,,,,,
,,,,,,,,,,,,,,,,
,,,,,,,,,,,,,,,,
,,,,,,,,,,,,,,,,
,,,,,,,,,,,,,,,,
,,,,,,,,,,,,,,,,
,,,,,,,,,,,,,,,,
,,,,,,,,,,,,,,,,
,,,,,,,,,,,,,,,,
,,,,,,,,,,,,,,,,
,,,,,,,,,,,,,,,,
,,,,,,,,,,,,,,,,
,,,,,,,,,,,,,,,,
,,,,,,,,,,,,,,,,
,,,,,,,,,,,,,,,,
,,,,,,,,,,,,,,,,
,,,,,,,,,,,,,,,,
,,,,,,,,,,,,,,,,
,,,,,,,,,,,,,,,,
,,,,,,,,,,,,,,,,
,,,,,,,,,,,,,,,,
,,,,,,,,,,,,,,,,
,,,,,,,,,,,,,,,,
,,,,,,,,,,,,,,,,
,,,,,,,,,,,,,,,,
,,,,,,,,,,,,,,,,
,,,,,,,,,,,,,,,,
,,,,,,,,,,,,,,,,
,,,,,,,,,,,,,,,,
,,,,,,,,,,,,,,,,
,,,,,,,,,,,,,,,,
,,,,,,,,,,,,,,,,
,,,,,,,,,,,,,,,,
,,,,,,,,,,,,,,,,
,,,,,,,,,,,,,,,,
,,,,,,,,,,,,,,,,
,,,,,,,,,,,,,,,,
,,,,,,,,,,,,,,,,
,,,,,,,,,,,,,,,,
,,,,,,,,,,,,,,,,
,,,,,,,,,,,,,,,,
,,,,,,,,,,,,,,,,
,,,,,,,,,,,,,,,,
,,,,,,,,,,,,,,,,
,,,,,,,,,,,,,,,,
,,,,,,,,,,,,,,,,
,,,,,,,,,,,,,,,,
,,,,,,,,,,,,,,,,
,,,,,,,,,,,,,,,,
,,,,,,,,,,,,,,,,
,,,,,,,,,,,,,,,,
,,,,,,,,,,,,,,,,
,,,,,,,,,,,,,,,,
,,,,,,,,,,,,,,,,
,,,,,,,,,,,,,,,,
,,,,,,,,,,,,,,,,
,,,,,,,,,,,,,,,,
,,,,,,,,,,,,,,,,
,,,,,,,,,,,,,,,,
,,,,,,,,,,,,,,,,
,,,,,,,,,,,,,,,,
,,,,,,,,,,,,,,,,
,,,,,,,,,,,,,,,,
,,,,,,,,,,,,,,,,
,,,,,,,,,,,,,,,,
,,,,,,,,,,,,,,,,
,,,,,,,,,,,,,,,,
,,,,,,,,,,,,,,,,
,,,,,,,,,,,,,,,,
,,,,,,,,,,,,,,,,
,,,,,,,,,,,,,,,,
,,,,,,,,,,,,,,,,
,,,,,,,,,,,,,,,,
,,,,,,,,,,,,,,,,
,,,,,,,,,,,,,,,,
,,,,,,,,,,,,,,,,
,,,,,,,,,,,,,,,,
,,,,,,,,,,,,,,,,
,,,,,,,,,,,,,,,,
,,,,,,,,,,,,,,,,
,,,,,,,,,,,,,,,,
,,,,,,,,,,,,,,,,
,,,,,,,,,,,,,,,,
,,,,,,,,,,,,,,,,
,,,,,,,,,,,,,,,,
,,,,,,,,,,,,,,,,
,,,,,,,,,,,,,,,,
,,,,,,,,,,,,,,,,
,,,,,,,,,,,,,,,,
,,,,,,,,,,,,,,,,
,,,,,,,,,,,,,,,,
,,,,,,,,,,,,,,,,
,,,,,,,,,,,,,,,,
,,,,,,,,,,,,,,,,
,,,,,,,,,,,,,,,,
,,,,,,,,,,,,,,,,
,,,,,,,,,,,,,,,,
,,,,,,,,,,,,,,,,
,,,,,,,,,,,,,,,,
,,,,,,,,,,,,,,,,
,,,,,,,,,,,,,,,,
,,,,,,,,,,,,,,,,
,,,,,,,,,,,,,,,,
,,,,,,,,,,,,,,,,
,,,,,,,,,,,,,,,,
,,,,,,,,,,,,,,,,
,,,,,,,,,,,,,,,,
,,,,,,,,,,,,,,,,
,,,,,,,,,,,,,,,,
,,,,,,,,,,,,,,,,
,,,,,,,,,,,,,,,,
,,,,,,,,,,,,,,,,
,,,,,,,,,,,,,,,,
,,,,,,,,,,,,,,,,
,,,,,,,,,,,,,,,,
,,,,,,,,,,,,,,,,
,,,,,,,,,,,,,,,,
,,,,,,,,,,,,,,,,
,,,,,,,,,,,,,,,,
,,,,,,,,,,,,,,,,
,,,,,,,,,,,,,,,,
,,,,,,,,,,,,,,,,
,,,,,,,,,,,,,,,,
,,,,,,,,,,,,,,,,
,,,,,,,,,,,,,,,,
,,,,,,,,,,,,,,,,
,,,,,,,,,,,,,,,,
,,,,,,,,,,,,,,,,
,,,,,,,,,,,,,,,,
,,,,,,,,,,,,,,,,
,,,,,,,,,,,,,,,,
,,,,,,,,,,,,,,,,
,,,,,,,,,,,,,,,,
,,,,,,,,,,,,,,,,
,,,,,,,,,,,,,,,,
,,,,,,,,,,,,,,,,
,,,,,,,,,,,,,,,,
,,,,,,,,,,,,,,,,
,,,,,,,,,,,,,,,,
,,,,,,,,,,,,,,,,
,,,,,,,,,,,,,,,,
,,,,,,,,,,,,,,,,
,,,,,,,,,,,,,,,,
,,,,,,,,,,,,,,,,
,,,,,,,,,,,,,,,,
,,,,,,,,,,,,,,,,
,,,,,,,,,,,,,,,,
,,,,,,,,,,,,,,,,
,,,,,,,,,,,,,,,,
,,,,,,,,,,,,,,,,
,,,,,,,,,,,,,,,,
,,,,,,,,,,,,,,,,
,,,,,,,,,,,,,,,,
,,,,,,,,,,,,,,,,
,,,,,,,,,,,,,,,,
,,,,,,,,,,,,,,,,
,,,,,,,,,,,,,,,,
,,,,,,,,,,,,,,,,
,,,,,,,,,,,,,,,,
,,,,,,,,,,,,,,,,
,,,,,,,,,,,,,,,,
,,,,,,,,,,,,,,,,
,,,,,,,,,,,,,,,,
,,,,,,,,,,,,,,,,
,,,,,,,,,,,,,,,,
,,,,,,,,,,,,,,,,
,,,,,,,,,,,,,,,,
,,,,,,,,,,,,,,,,
,,,,,,,,,,,,,,,,
,,,,,,,,,,,,,,,,
,,,,,,,,,,,,,,,,
,,,,,,,,,,,,,,,,
,,,,,,,,,,,,,,,,
,,,,,,,,,,,,,,,,
,,,,,,,,,,,,,,,,
,,,,,,,,,,,,,,,,
,,,,,,,,,,,,,,,,
,,,,,,,,,,,,,,,,
,,,,,,,,,,,,,,,,
,,,,,,,,,,,,,,,,
,,,,,,,,,,,,,,,,
,,,,,,,,,,,,,,,,
,,,,,,,,,,,,,,,,
,,,,,,,,,,,,,,,,
,,,,,,,,,,,,,,,,
,,,,,,,,,,,,,,,,
,,,,,,,,,,,,,,,,
,,,,,,,,,,,,,,,,
,,,,,,,,,,,,,,,,
,,,,,,,,,,,,,,,,
